Tube_Number,Date_Mounted,Stigma_Length,Pollen_Number_1,Pollen_Number_2,Deformed_Pollen,Ovule_Number_1,Ovule_Number_2,Ovule_issue,Notes,Stigma_Herbivory,Ovule_Herbivory,Observer
96-1,9/5/2024,4,0,,0,0,,Degraded,Degraded - Is the ovary there,0,1,Ashley
96-2,9/5/2024,3,1,,0,0,,,,0,0,Ashley
129,9/5/2024,,,,,0,,,Small black dots visible,0,0,Emma
137-2,9/5/2024,3,0,,0,0,,,"One stigma half - herb, part of ovary missing",0,1,Emma
125-1,9/6/2024,5,1,,1,0,,Degenerate,"small black dots visible, 11 clear small ovules (half size)?",0,0,Emma
121-1,9/6/2024,4,1,,0,0,,,"small black dots visible, 15 clear small ovules (half size)?",0,0,Emma
121-2,9/6/2024,3,0,,0,0,,,"small black dots visible, 13 clear small ovules (half size)?",0,0,Emma
102,9/6/2024,5,0,,0,0,,,"small black dots visible, 25 clear small ovules (half size)?",0,0,Emma
10,9/6/2024,3,6,,0,0,,,No ovules at all!,0,0,Ashley
20,9/6/2024,2,9,,2,0,,,Some pollen on the ovary,0,0,Ashley
24,9/6/2024,6,0,,0,0,,,,0,0,Ashley
33,9/10/2024,3,0,,0,0,,,Black dots visible in ovary,0,0,Ashley
44,9/10/2024,4,60,,4,0,,Degenerate,1 severely undersized ovule,0,0,Ashley
45,9/10/2024,4,15,,0,0,,,,0,0,Ashley
47,9/10/2024,2,0,,0,0,,Missing,Ovary broken/ missing bottom half,0,1,Ashley
48,9/10/2024,2,0,,0,0,,,,0,0,Ashley
52,9/10/2024,3,0,,0,0,,,,0,0,Ashley
53,9/10/2024,2,1,,0,0,,,,0,0,Ashley
55,9/10/2024,3,6,,1,0,,,,0,0,Ashley
67,9/10/2024,5,2,,1,0,,,,0,0,Emma
68,9/10/2024,5,0,,0,0,,,,0,0,Emma
69,9/10/2024,4,1,,0,0,,,,0,0,Emma
109,9/11/2024,3,5,,1,0,,,,0,0,Ashley
111,9/11/2024,2,2,,0,0,,,,0,0,Ashley
127,9/11/2024,4,10,,2,0,,,,0,0,Ashley
198,9/11/2024,3,0,,0,0,,,,0,0,Ashley
131,9/11/2024,2,24,,1,0,,,,0,0,Ashley
145,9/11/2024,5,1,,0,0,,Degraded,shrivled up ovary,0,1,Emma
147,9/11/2024,2,1,,0,0,,,,0,0,Emma
152,9/11/2024,5,0,,0,0,,,12 aborted ovules,0,0,Emma
215,9/11/2024,5,8,,7,0,,,,0,0,Ashley
224,9/11/2024,2,25,,2,0,,,,0,0,Ashley
225,9/11/2024,3,4,,0,0,,,,0,0,Ashley
227,9/11/2024,2,24,,7,0,,,,0,0,Ashley
236,9/11/2024,2,0,,0,0,,,,0,0,Ashley
238,9/11/2024,2,0,,0,0,,,,0,0,Ashley
239,9/11/2024,3,0,,0,0,,Degraded,small and shrivled ovary,0,1,Ashley
252,9/11/2024,1,0,,0,0,,,herbivory,1,1,Ashley
268,9/14/2024,3,0,,0,0,,,,0,0,Ashley
269,9/14/2024,3,4,,0,0,,,11 diminutive ovules,0,0,Ashley
274,9/14/2024,6,0,,0,0,,,14 aborted ovules,0,0,Ashley
283,9/14/2024,2,0,,0,0,,,,0,0,Ashley
289,9/14/2024,2,0,,0,0,,,,0,0,Ashley
299,9/17/2024,3,0,,0,0,,,,0,0,Ashley
176,9/17/2024,3,3,,3,0,,,25 diminutive ovules,1,0,Emma
85,9/17/2024,3,0,,0,0,,,,0,0,Emma
202,9/17/2024,0,,,,0,,,herbivory no stigmas,1,0,Emma
203,9/17/2024,2,1,,0,0,,,"ovary ripped, 23 degenerated/diminutive ovules",0,0,Emma
205,9/17/2024,0,,,,0,,Missing,"herbivory, half ovary and all stigmas gone, certain no ovules",1,1,Emma
314,9/17/2024,3,0,,0,0,,,,0,0,Emma
319,9/17/2024,4,0,,0,0,,,23 diminutive ovules,0,0,Emma
325,9/17/2024,3,0,,0,0,,,"4 stigmas, herbivory on half of 1 stigma, 9 diminutive ovules",0,0,Emma
326,9/17/2024,4,1,,0,0,,,"bottom ovary ripped, but certain there are no ovules, herbivory , half of all stigmas",1,0,Emma
329,9/17/2024,5,,,,0,,,"herbivory no stigmas, 19 diminutive/degenerate ovules",1,0,Emma
345,9/17/2024,2,53,,1,0,,Missing,Ovary ripped,0,1,Ashley
347,9/17/2024,0,0,,0,0,,,"herbivory, stigmas gone",1,0,Ashley
352,9/17/2024,1,0,,0,0,,,,0,0,Ashley
357,9/17/2024,3,13,,1,0,,,8 possible aborted ovules,0,0,Ashley
367,9/17/2024,2,0,,0,0,,,"30 aborted, diminutive ovules",0,0,Ashley
369,9/17/2024,4,0,,0,0,,,15 aborted ovules,0,0,Ashley
372,9/17/2024,2,0,,1,0,,,"18 small ovules that appear aborted, but leaning toward being okay",0,0,Ashley
373,9/17/2024,3,0,,0,0,,,18 aborted ovules,0,0,Ashley
375,9/17/2024,3,0,,0,0,,,20 aborted ovules,0,0,Ashley
378,9/17/2024,3,0,,0,0,,,25 aborted ovules,0,0,Ashley
379,9/17/2024,2,0,,0,0,,,4 aborted ovules,0,0,Ashley
383,9/17/2024,2,0,,0,0,,,"herbivory, one stigma missing",0,0,Ashley
384,9/17/2024,2,3,,1,0,,,26 diminutive aborted ovules,0,0,Ashley
392,9/18/2024,2,0,,0,0,,,,0,0,Ashley
393,9/18/2024,2,0,,2,0,,,"17 aborted ovules, whole pistil diminutive",0,0,Ashley
398,9/18/2024,3,20,,2,0,,,,0,0,Ashley
399,9/18/2024,2,7,,2,0,,,"Definitely 0 ovules, but ovary also ripped.",0,0,Ashley
4,9/18/2024,2,46,,5,0,,,"Ovary ripped, but certain it had 0",0,0,Ashley
5,9/18/2024,3,21,,0,0,,,13 aborted ovules,0,0,Ashley
6,9/18/2024,2,10,,0,0,,,26 aborted ovules,0,0,Ashley
7,9/18/2024,1,25,,0,0,,,,0,0,Ashley
8,9/18/2024,3,0,,0,0,,,33 diminutive aborted ovules visible,0,0,Ashley
164,9/18/2024,2,0,,0,0,,,"15 diminutive ovules, probably aborted",0,0,Ashley
172,9/18/2024,3,0,,0,0,,,16 diminutive ovules,0,0,Ashley
180,9/18/2024,2,8,,1,0,,Missing,Ovary ripped at the bottom,0,1,Ashley
188,9/18/2024,2,10,,1,0,,,,0,0,Ashley
195,9/18/2024,1,4,,1,0,,,,0,0,Ashley
171,9/18/2024,4,3,,1,0,,,,0,0,Ashley
187,9/18/2024,3,1,,1,0,,,,0,0,Ashley
179,9/18/2024,2,0,,0,0,,,19 diminutive ovules,0,0,Ashley
211,9/18/2024,3,0,,0,0,,,16 diminutive ovules,0,0,Ashley
230,9/18/2024,2,9,,0,0,,,,0,0,Ashley
241,9/18/2024,2,79,,8,0,,,,0,0,Ashley
250,9/18/2024,2,129,,0,0,,,,0,0,Ashley
251,9/18/2024,3,15,,0,0,,,,0,0,Ashley
270,9/18/2024,2,,,,0,,,"29 diminutive ovules, mold or anther smut on the stigmas",0,0,Ashley
271,9/18/2024,2,37,,4,0,,,19 diminutive ovules,0,0,Ashley
280,9/18/2024,2,0,,0,0,,,13 diminutive ovules,0,0,Ashley
281,9/18/2024,2,1,,0,0,,,,0,0,Ashley
301,9/18/2024,2,0,,0,0,,,,0,0,Ashley
415,9/18/2024,4,2,,1,0,,,,0,0,Ashley
417,9/18/2024,2,2,,0,0,,,8 diminutive ovules,0,0,Ashley
423,9/18/2024,5,0,,1,0,,,25 diminutive ovules,0,0,Ashley
428,9/18/2024,2,0,,0,0,,,,0,0,Emma
437,9/18/2024,3,1,,0,0,,,20 faint diminutive ovules,0,0,Emma
438,9/18/2024,3,0,,0,0,,Degraded,"whole pistil blackened, degenerated, 16 diminutive ovules",0,0,Emma
443,9/18/2024,3,1,,0,0,,,,0,0,Emma
444,9/18/2024,2,0,,0,0,,,pistil shriveled,0,0,Emma
447,9/18/2024,5,0,,0,0,,,"17 degenerated ovules, herbivory, tip of one stigma gone, ",0,0,Emma
449,9/18/2024,2,0,,0,0,,,,0,0,Emma
452,9/18/2024,2,1,,0,0,,,6 diminutive ovules,0,0,Emma
453,9/18/2024,0,,,,0,,,"herbivory, no stigmas",1,0,Emma
454,9/18/2024,2,8,,1,0,,Faint,8 faint misshapen ovules breaking out of ovary,0,0,Emma
456,9/18/2024,2,3,,0,0,,Faint,"7 diminutive ovules, faint",0,0,Emma
458,9/18/2024,2,0,,0,0,,,pistil shriveled,0,0,Emma
459,9/18/2024,3,1,,0,0,,Faint,"20 degenerated/diminutive ovules,faint",0,0,Emma
462,9/18/2024,2,0,,0,0,,Faint,"18 degenerated/diminutive ovules,faint",0,0,Emma
464,9/18/2024,1,10,,0,0,,Missing,"5 degenerated/diminutive ovules, ovary ripped at bottom",0,1,Emma
457,9/18/2024,1,0,,0,0,,,"25 diminutive ovules, up an objective",0,0,Emma
458,9/18/2024,2,13,,0,0,,Faint,"24 diminutive ovules, faint, up an objective",0,0,Emma
475,9/18/2024,3,0,,0,0,,Faint,"20 degenerated/diminutive ovules,faint",0,0,Emma
474,9/18/2024,2,0,,0,0,,Faint,"23 diminutive ovules, faint",0,0,Emma
459,9/18/2024,5,3,,0,0,,,"16 diminutive ovules, herbivory-half stigmas gone",1,0,Emma
472,9/18/2024,2,1,,0,0,,Faint,"12 diminutive ovules, faint",0,0,Emma
477,9/18/2024,2,0,,0,0,,Faint,"5 diminutive ovules, faint",0,0,Emma
478,9/18/2024,2,0,,0,0,,,"27 diminutive ovules, almost full ovules but on higher objective and still small",0,0,Emma
479,9/18/2024,1,0,,0,0,,,"25 diminutive ovules, almost full ovules but on higher objective and still small",0,0,
482,9/18/2024,1,0,,0,0,,,10 diminutive ovules,0,0,
311,9/24/2024,3,0,,0,0,,,"herbivory, half of all stigmas gone, 8 degenerated ovules",1,0,
331,9/24/2024,5,0,,0,0,,Faint,"12 diminutive ovules, faint",0,0,
340,9/24/2024,1,1,,1,0,,Faint,"herbivory, half of all stigmas gone, 8 diminutive, faint ovules",1,0,
341,9/24/2024,0.5,0,,0,0,,,"very small stigmas there, changed length from 0 to 0.5",0,0,
361,9/24/2024,2,0,,0,0,,Faint,"32 degenerated ovules, faint and organge, herbivory, half all stigmas gone",1,0,
370,9/24/2024,1,1,,1,0,,,"herbivory, half of all stigmas gone, 19 diminutive ovules, up an objective to see",1,0,
502,9/24/2024,2,0,,0,0,,,ovary shrivled,0,0,
503,9/24/2024,4,0,,0,0,,,"pistil degenerating, blackened, 11 diminutive ovules",0,0,
510,9/24/2024,1,12,,2,0,,,,0,0,
511,9/24/2024,2,0,,0,0,,,,0,0,
512,9/24/2024,4,2,,0,0,,Degraded,8 degernerate diminutive ovules,0,1,
513,9/24/2024,2,1,,0,0,,,"herbivory, one stigma missing, 8 diminutive faint ovules",0,0,
515,9/24/2024,1,3,,0,0,,,"Small anther around ovary, 10 diminutive ovules",0,0,
381,9/24/2024,2,0,,0,0,,,25 diminutive ovules,0,0,
390,9/24/2024,3,0,,0,0,,,ovary shrivled,0,1,
400,9/24/2024,2,0,,0,0,,,"24 diminutive ovules, faint, up an objective",0,0,
401,9/24/2024,2,0,,0,0,,,6 diminutive ovules,0,0,
402,9/24/2024,4,,,,0,,,dry stigma. not completely in solution,0,0,
404,9/24/2024,1,0,,0,0,,,"16 degenerate diminutive ovules, ",0,0,
405,9/24/2024,1,0,,0,0,,,9 diminutive faint ovules,0,0,
406,9/24/2024,3,0,,0,0,,,,0,0,
407,9/24/2024,3,0,,0,0,,,"23 diminutive ovules, up an objective",0,0,
408,9/24/2024,3,0,,0,0,,,"19 diminutive ovules, up an objective",0,0,
409,9/24/2024,3,0,,0,0,,,"19 diminutive ovules, up an objective",0,0,
420,9/24/2024,2,2,,1,0,,,19 degenerate ovules,0,0,
421,9/24/2024,3,0,,0,0,,,14 degenerate ovules,0,0,
440,9/24/2024,3,0,,0,0,,,12 diminutive ovules,0,0,
450,9/24/2024,1,0,,0,0,,,,0,0,
451,9/24/2024,2,0,,0,0,,,33 diminutive ovules,0,0,
460,9/24/2024,2,24,,0,0,,,,0,0,
470,9/24/2024,2,0,,0,0,,,15 diminutive ovules,0,0,
491,9/24/2024,1,2,,0,0,,,13 degenerated diminutive ovules,0,0,
483,9/24/2024,1,0,,0,0,,,"18 degenerated/diminutive ovules,faint",0,0,
484,9/24/2024,2,0,,0,0,,,,0,0,
486,9/24/2024,1,0,,0,0,,,23 diminutive ovules,0,0,
488,9/24/2024,3,0,,0,0,,,"19 degenerated ovules, fungus on slide too",0,0,
492,9/24/2024,1,0,,0,0,,,18 diminutive ovules,0,0,
226,9/11/2024,4,18,,0,1,,,,0,0,Ashley
249,9/11/2024,5,10,,2,1,,,,0,0,Ashley
266,9/14/2024,4,4,,5,1,,,"6 small ovules, likely aborted",0,0,Ashley
26,9/6/2024,5,0,,0,3,,,,0,0,Ashley
209,9/17/2024,2,0,,0,3,,,"3 giant ovules, herbivory all of 1 stigma and 2 half stigmas gone",1,0,Emma
396,9/18/2024,4,0,,0,3,,Faint,Ovules faint/hard to see,0,0,Ashley
391,9/24/2024,4,3,,0,3,,Faint,19 diminutive faint ovules,0,0,
70,9/10/2024,2,0,,0,4,,,,0,0,Emma
307,9/18/2024,2,1,,0,4,,Faint,"Ovules faint/hard to see, herbivory, half of all stigmas gone",1,0,
50,9/10/2024,6,11,,5,5,,Faint,Ovules appear faint,0,0,Ashley
191,9/11/2024,3,18,,2,5,,Degraded,"21 silohettes when through lighting, black/degraded",0,0,Ashley
65,9/10/2024,5,0,,0,6,,,1 undersized ovule,0,0,Emma
72,9/10/2024,2,0,,0,6,,,,0,0,Emma
158,9/11/2024,2,0,,0,6,,Faint,Very faint ovules ,0,0,Ashley
337,9/17/2024,2,0,,0,6,,,4 aborted,0,0,Ashley
432,9/18/2024,2,0,,0,6,,Faint,"faint degenerated ovules, only backlight visible",0,0,Emma
265,9/14/2024,3,0,,0,7,,Faint,Small and faint ovules!,0,0,Ashley
210,9/18/2024,2,0,,0,7,,Missing,Ovary ripped open,0,1,Ashley
75,9/10/2024,2,0,,0,8,,,,0,0,Ashley
146,9/11/2024,6,2,,0,8,,Degraded,black/degreaded ovules,0,0,Emma
214,9/11/2024,5,0,,1,8,,,,0,0,Ashley
222,9/11/2024,4,0,,0,8,,,"Unclear if there were more, but 8 were obvious",0,0,Ashley
196,9/18/2024,3,17,,1,8,,,,0,0,Ashley
485,9/24/2024,6,19,,12,9,,,"herbivory one stigma gone, ",0,0,
81-1,8/27/2024,3,1,1,0,10,9,Degenerate,Ovules appear degenerated,0,0,Ashley and Emma
122,9/11/2024,4,0,,0,10,,,degraded/black on ovules,0,0,Ashley
287,9/14/2024,1,0,,2,10,,,,0,0,Ashley
318,9/17/2024,0,,,,10,,Faint,"herbivory, no stigma, very faint ovules need back lighting",1,0,Emma
386,9/18/2024,3,2,,0,10,,Faint,Ovules faint/hard to see,0,0,Ashley
414,9/18/2024,4,11,,5,10,,Faint,somewhat small and faint,0,0,Ashley
426,9/18/2024,3,0,,0,12,,Faint,"faint degenerated ovules, only backlight visible",0,0,Emma
501,9/24/2024,3,0,,0,12,,,,0,0,
12,9/6/2024,7,0,,0,13,,,,0,0,Ashley
151,9/11/2024,6,1,,0,13,,,,0,0,Emma
243,9/11/2024,3,2,,0,13,,Degenerate,"shrivled ovary, maybe aborted on the smaller side",0,1,Ashley
206,9/17/2024,0,,,,13,,Missing,"herbivory, half ovary and all stigmas gone",1,1,Emma
389,9/18/2024,3,0,,0,13,,Faint,Ovules faint/hard to see,0,0,Ashley
73-2,9/10/2024,4,3,,0,14,,Faint,ovules very faint,0,0,Emma
86,9/17/2024,3,2,,0,14,,Faint,"herbivory 1 half stigma, ovules faint",0,0,Emma
377,9/17/2024,3,0,,0,14,,,,0,0,Ashley
351,9/24/2024,6,3,,0,14,,,,0,0,
83-1,8/27/2024,5,0,,0,15,,,,0,0,Ashley
87-1,9/5/2024,6,22,,12,15,,,A lot of donut pollen,0,0,Emma
89-3,9/5/2024,6,4,,0,15,,Missing,Some ovules missing,0,1,Emma
14,9/6/2024,7,3,,0,15,,,,0,0,Ashley
34,9/10/2024,3,0,,0,15,,,,0,0,Ashley
424,9/18/2024,6,9,,8,15,,Degraded,"ovary degenerated/blackened, herbivory 2 half stigmas gone",0,0,Emma
435,9/18/2024,2,0,,0,15,,Faint,"faint degenerated ovules, only backlight visible",0,0,Emma
71,9/10/2024,2,0,,0,16,,,,0,0,Emma
154,9/11/2024,6,8,,8,16,,,,0,0,Ashley
232,9/11/2024,3,4,,0,16,,,,0,0,Ashley
2,9/18/2024,3,0,,0,16,,,,0,0,Ashley
412,9/18/2024,2,0,,0,16,,Faint,"small faint ovules, best in back light",0,0,Ashley
433,9/18/2024,3,0,,0,16,,,"ovary blackened, herbivory, tip of one stigma gone",0,0,Emma
320,9/24/2024,5,0,,0,16,,Degraded,"pistil degenerating, blackened",0,0,
25,9/6/2024,6,0,,1,17,,,,0,0,Ashley
92,9/11/2024,4,7,,0,17,,,,0,0,Ashley
216,9/11/2024,5,1,,0,17,,,,0,0,Ashley
234,9/11/2024,5,6,,5,17,,,,0,0,Ashley
296,9/14/2024,4,0,,0,17,,,,0,0,Ashley
313,9/17/2024,0,,,,17,,Degraded,"herbivory, stigmas gone, ovary degraded/blackened",1,0,Emma
316,9/17/2024,4,0,,0,17,,Degraded,"ovary degraded, black spots, herbivory half stigmas",1,0,Emma
427,9/18/2024,3,0,,0,17,,Faint,"faint degenerated ovules, only backlight visible",0,0,Emma
360,9/24/2024,3,0,,0,17,,,"herbivory, half all stigmas gone",1,0,
410,9/24/2024,4,1,,0,17,,,,0,0,
431,9/24/2024,4,0,,0,17,,,,0,0,
144,9/11/2024,4,8,,0,18,,,,0,0,Emma
156,9/11/2024,3,0,,0,18,,,,0,0,Ashley
217,9/11/2024,5,11,,4,18,,,,0,0,Ashley
246,9/11/2024,5,38,,9,18,,,Very big ovules with variable sizes,0,0,Ashley
253,9/11/2024,0,,,,18,,,"herbivory, no stigma",1,0,Ashley
168,9/17/2024,4,4,,1,18,,Degraded,"degrading, concentrated in center of ovary",0,0,Ashley
382,9/17/2024,5,1,,0,18,,,,0,0,Ashley
385,9/18/2024,3,9,,1,18,,,,0,0,Ashley
240,9/18/2024,3,9,,0,18,,,,0,0,Ashley
416,9/18/2024,4,11,,2,18,,,"Ovary wall seem thick, not opaque",0,0,Ashley
425,9/18/2024,4,1,,0,18,,,,0,0,Emma
350,9/24/2024,5,1,,0,18,,Degraded,"pistil degenerating, blackened",0,0,
508,9/24/2024,4,0,,0,18,,,,0,0,
113-1,9/5/2024,8,6,,0,19,,,A lot of phlox (spikey) pollen,0,0,Emma
134,9/11/2024,5,0,,2,19,,,,0,0,Ashley
160,9/11/2024,3,0,,1,19,,Faint,Very faint ovules ,0,0,Ashley
233,9/11/2024,5,4,,2,19,,,,0,0,Ashley
88,9/17/2024,6,12,,10,19,,,herbivory 1 half stigma ,0,0,Emma
315,9/17/2024,0,,,,19,,,"herbivory, stigmas gone",1,0,Emma
327,9/17/2024,5,0,,0,19,,,,0,0,Emma
387,9/18/2024,3,2,,0,19,,Faint,Ovules faint/hard to see,0,0,Ashley
310,9/24/2024,4,0,,0,19,,,,0,0,
504,9/24/2024,3,0,,0,19,,,,0,0,
411,9/24/2024,4,0,,0,19,,,"pistil degenerating , blackened",0,0,
430,9/24/2024,4,2,,1,19,,,,0,0,
113-2,9/5/2024,8,24,,6,20,,,,0,0,Ashley
15,9/6/2024,5,11,,2,20,,,,0,0,Ashley
29,9/6/2024,5,0,,0,20,,,,0,0,Ashley
190,9/11/2024,3,0,,0,20,,Missing,Ovary ripped in half,0,1,Ashley
84,9/17/2024,3,0,,0,20,,,,0,0,Emma
330,9/24/2024,4,0,,0,20,,,4 stigmas,0,0,
490,9/24/2024,6,17,,11,20,,,,0,0,
493,9/24/2024,2,0,,0,20,,,herbivory half of all stigmas gone,1,0,
49,9/10/2024,3,7,,7,21,,,,0,0,Ashley
63,9/10/2024,3,3,,0,21,,,,0,0,Emma
175,9/11/2024,5,0,,0,21,,,,0,0,Ashley
173,9/11/2024,4,0,,0,21,,,,0,0,Ashley
229,9/11/2024,4,2,,0,21,,,,0,0,Ashley
235,9/11/2024,5,1,,0,21,,,,0,0,Ashley
259,9/14/2024,6,0,,0,21,,,,0,0,Ashley
177,9/17/2024,5,1,,1,21,,Degraded,"ovary degraded, black spots",0,0,Emma
204,9/17/2024,3,0,,0,21,,,,0,0,Emma
231,9/18/2024,3,0,,0,21,,,,0,0,Ashley
303,9/18/2024,4,0,,0,21,,,ovary and stigmas blackened,0,0,
481,9/24/2024,5,2,,0,21,,,,0,0,
489,9/24/2024,5,20,,4,21,,,,0,0,
87-3,9/5/2024,3,0,,0,22,,,,0,0,Emma
18,9/6/2024,3,0,,0,22,,,,0,0,Ashley
148,9/11/2024,7,2,,0,22,,,,0,0,Emma
288,9/14/2024,5,0,,1,22,,,,0,0,Ashley
328,9/17/2024,4,0,,0,22,,,4 stigmas,0,0,Emma
394,9/18/2024,2,0,,0,22,,,,0,0,Ashley
3,9/18/2024,4,49,,11,22,,,,0,0,Ashley
221,9/18/2024,2,0,,0,22,,,,0,0,Ashley
308,9/18/2024,4,0,,1,22,,,,0,0,
514,9/24/2024,2,0,,0,22,,,,0,0,
105-3,9/5/2024,6,0,,0,23,,,,0,0,Ashley
30,9/6/2024,4,7,,4,23,,,,0,0,Ashley
35,9/10/2024,3,0,,0,23,,,,0,0,Ashley
40,9/10/2024,2,0,,0,23,,,,0,0,Ashley
62,9/10/2024,3,1,,1,23,,,,0,0,Ashley
263,9/14/2024,4,5,,2,23,,,,0,0,Ashley
178,9/17/2024,0,,,,23,,Missing,"herbivory, all stigmas and upper part of ovary",1,1,Emma
332,9/17/2024,6,1,,,23,,Degraded,"ovary degenerated/blackened, herbivory 2 half stigmas gone",0,0,Emma
363,9/17/2024,3,3,,1,23,,,,0,0,Ashley
374,9/17/2024,4,0,,0,23,,,,0,0,Ashley
418,9/18/2024,5,0,,0,23,,,,0,0,Ashley
90,9/5/2024,7,0,,0,24,,,A lot of phlox (spikey) pollen and smaller round pollen,0,0,Emma
22,9/6/2024,7,4,,0,24,,,Clump of phlox,0,0,Ashley
51,9/10/2024,6,0,,0,24,,,,0,0,Ashley
244,9/10/2024,3,0,,0,24,,,,0,0,Ashley
119,9/11/2024,6,120,,43,24,,,,0,0,Ashley
126,9/11/2024,6,13,,4,24,,Faint,"Faint, counted clouds for ovules",0,0,Ashley
155,9/11/2024,2,0,,0,24,,,,0,0,Ashley
272,9/14/2024,4,0,,0,24,,,,0,0,Ashley
161,9/17/2024,4,3,,0,24,,,a lot of bean shaped pollen,0,0,Emma
355,9/17/2024,5,9,,0,24,,,,0,0,Ashley
397,9/18/2024,6,7,,0,24,,,,0,0,Ashley
461,9/24/2024,4,0,,0,24,,,,0,0,
21,9/6/2024,6,0,,0,25,,,,0,0,Ashley
98,9/11/2024,2,3,,0,25,,,,0,0,Ashley
104,9/11/2024,5,2,,7,25,,,,0,0,Ashley
124,9/11/2024,5,2,,3,25,,,,0,0,Ashley
141,9/11/2024,6,5,,0,25,,,,0,0,Ashley
149,9/11/2024,7,0,,0,25,,,,0,0,Emma
150,9/11/2024,7,0,,0,25,,,,0,0,Emma
255,9/11/2024,5,12,,5,25,,,,0,0,Ashley
257,9/14/2024,3,4,,0,25,,,,0,0,Ashley
258,9/14/2024,6,34,,8,25,,,,0,0,Ashley
169,9/17/2024,5,8,,6,25,,,"herbivory, helf of 2 stigmas",0,0,Emma
312,9/17/2024,4,0,,0,25,,,degraded stigmas,1,0,Emma
323,9/17/2024,4,6,,2,25,,,,0,0,Emma
220,9/18/2024,4,0,,0,25,,,,0,0,Ashley
261,9/18/2024,2,0,,0,25,,Missing,"Ovary ripped open, 23 smaller and faint",0,1,Ashley
445,9/18/2024,5,5,,5,25,,,,0,0,Emma
500,9/24/2024,3,0,,0,25,,Degraded,"pistil degenerated/blackened, herbivory half of two stigmas gone, ",0,0,
91,9/6/2024,4,15,,3,26,,,"donut pollen,",0,0,Emma
32,9/10/2024,6,0,,0,26,,,,0,0,Ashley
39,9/10/2024,6,0,,0,26,,,,0,0,Ashley
117,9/11/2024,5,5,,0,26,,,,0,0,Ashley
228,9/11/2024,3,2,,0,26,,,,0,0,Ashley
284,9/14/2024,7,11,,3,26,,,,0,0,Ashley
165,9/17/2024,3,4,,8,26,,,"herbivory, half of all stigmas",1,0,Emma
193,9/17/2024,3,0,,0,26,,,herbivory on half of all stigmas,1,0,Emma
186,9/17/2024,6,19,,6,26,,,,0,0,Emma
322,9/17/2024,5,0,,0,26,,,,0,0,Emma
388,9/18/2024,3,4,,1,26,,,,0,0,Ashley
446,9/18/2024,3,1,,0,26,,,,0,0,Emma
506,9/24/2024,3,0,,0,26,,,,0,0,
82-2,8/27/2024,6,35,23,12,27,22,,,0,0,Ashley and Emma
37,9/10/2024,3,0,,0,27,,,,0,0,Ashley
38,9/10/2024,7,20,,8,27,,,,0,0,Ashley
76,9/10/2024,3,32,,4,27,,,,0,0,Ashley
80,9/10/2024,3,0,,0,27,,,,0,0,Ashley
120,9/11/2024,4,3,,0,27,,,,0,0,Ashley
128,9/11/2024,6,1,,1,27,,,,0,0,Ashley
159,9/11/2024,3,0,,0,27,,Faint,Very faint ovules ,0,0,Ashley
247,9/11/2024,5,2,,0,27,,,,0,0,Ashley
262,9/14/2024,4,0,,0,27,,,,0,0,Ashley
163,9/17/2024,6,13,,2,27,,,,0,0,Emma
334,9/17/2024,3,1,,0,27,,,,0,0,Ashley
336,9/17/2024,1,0,,0,27,,,,0,0,Ashley
346,9/17/2024,2,1,,0,27,,Faint,"Ovules, small and faint, need through lighting",0,0,Ashley
362,9/17/2024,4,2,,1,27,,,,0,0,Ashley
395,9/18/2024,6,26,,1,27,,,,0,0,Ashley
429,9/18/2024,3,0,,0,27,,Faint,slightly faint,0,0,Emma
466,9/18/2024,2,7,,0,27,,,,0,0,Emma
441,9/24/2024,4,0,,0,27,,Degraded,ovary degenerated/blackened ,0,0,
82-1,8/27/2024,5,35,32,3,28,26,,,0,0,Ashley and Emma
89-1,9/5/2024,6,0,,0,28,,,,0,0,Emma
106,9/5/2024,6,6,,7,28,,,A lot of phlox (spikey) pollen,0,0,Emma
16,9/6/2024,6,2,,2,28,,,,0,0,Ashley
100,9/11/2024,2,0,,0,28,,,,0,0,Ashley
118,9/11/2024,6,15,,3,28,,,,0,0,Ashley
277,9/14/2024,3,2,,1,28,,,,0,0,Ashley
298,9/14/2024,3,0,,0,28,,,,0,0,Ashley
358,9/17/2024,4,2,,0,28,,,,0,0,Ashley
371,9/24/2024,4,4,,2,28,,,ovules smaller,0,0,
81-3,8/27/2024,1,0,0,0,29,23,,Herbivory?,1,0,Ashley and Emma
167,9/10/2024,3,0,,0,29,,,,0,0,Ashley
174,9/11/2024,4,2,,0,29,,,,0,0,Ashley
189,9/11/2024,2,0,,0,29,,,,0,0,Ashley
223,9/11/2024,3,43,,4,29,,,,0,0,Ashley
237,9/11/2024,3,0,,0,29,,,,0,0,Ashley
273,9/14/2024,1,2,,1,29,,,some herbivory,1,0,Ashley
275,9/14/2024,2,0,,0,29,,,some herbivory,1,0,Ashley
282,9/14/2024,4,0,,0,29,,,,0,0,Ashley
295,9/14/2024,4,0,,0,29,,,,0,0,Ashley
208,9/17/2024,3,0,,0,29,,,,0,0,Emma
333,9/17/2024,8,3,,0,29,,,,0,0,Ashley
366,9/17/2024,1,3,,0,29,,Diminutive,"Ovary diminutive (used a higher objective), herbivory half stigma gone",1,0,Ashley
321,9/24/2024,4,0,,0,29,,Degraded,"pistil degenerating, blackened",0,0,
505,9/24/2024,3,0,,0,29,,,,0,0,
94,9/5/2024,,,,,30,,,,0,0,Emma
137-1,9/5/2024,5,0,,0,30,,,One stigma half - herb,0,0,Emma
17,9/6/2024,6,0,,0,30,,,,0,0,Ashley
28,9/6/2024,5,0,,0,30,,,,0,0,Ashley
36,9/10/2024,3,1,,0,30,,,,0,0,Ashley
41,9/10/2024,5,0,,0,30,,,,0,0,Ashley
183,9/11/2024,3,5,,0,30,,Faint,Small and faint ovules,0,0,Ashley
192,9/11/2024,4,2,,0,30,,,,0,0,Ashley
199,9/11/2024,3,0,,0,30,,,,0,0,Ashley
212,9/11/2024,4,0,,0,30,,,,0,0,Ashley
218,9/11/2024,4,0,,2,30,,,,0,0,Ashley
276,9/14/2024,5,1,,1,30,,,,0,0,Ashley
335,9/17/2024,7,27,,1,30,,Faint,Ovules faint/hard to see,0,0,Ashley
344,9/17/2024,3,4,,0,30,,Faint,"Ovules, small and faint, need through lighting",0,0,Ashley
305,9/18/2024,3,,,,30,,,"herbivory, no stigmas",1,0,
509,9/24/2024,3,0,,0,30,,,,0,0,
487,9/24/2024,3,0,,0,30,,Degraded,"pistil degenerating/blackened, herbivory half of 2 stigmas gone",0,0,
89-2,9/5/2024,7,39,,3,31,,,,0,0,Ashley
101-1,9/5/2024,8,1,,0,31,,,,0,0,Ashley
13,9/6/2024,8,26,,1,31,,,Some phlox,0,0,Ashley
66,9/10/2024,5,0,,0,31,,Degraded,ovary degrading?,0,0,Emma
162,9/10/2024,3,1,,1,31,,Faint,smaller ovules/clear without throughlight on microscope,0,0,Ashley
116,9/11/2024,3,0,,1,31,,,,0,0,Ashley
285,9/14/2024,6,16,,2,31,,,,0,0,Ashley
300,9/17/2024,2,0,,0,31,,,,0,0,Ashley
324,9/17/2024,3,0,,0,31,,Degraded,ovary degraded/blackened,0,0,Emma
376,9/17/2024,2,0,,0,31,,,,0,0,Ashley
455,9/18/2024,4,3,,0,31,,,,0,0,Emma
302,9/18/2024,3,3,,0,31,,,"herbivory, half of one stigma gone",0,0,
471,9/24/2024,5,1,,0,31,,,,0,0,
480,9/24/2024,7,14,,5,31,,,,0,0,
57,9/10/2024,5,0,,0,32,,Degraded,Ovary appears to be degrading,0,0,Ashley
59,9/10/2024,5,26,,3,32,,,,0,0,Ashley
61,9/10/2024,4,6,,1,32,,,,0,0,Ashley
103,9/11/2024,6,23,,10,32,,,,0,0,Ashley
138,9/11/2024,3,0,,0,32,,Faint,"Faint, small ovules, obvious in through lighting",0,0,Ashley
142,9/11/2024,6,7,,2,32,,,,0,0,Emma
143,9/11/2024,7,8,,2,32,,,,0,0,Emma
339,9/17/2024,2,1,,0,32,,,,0,0,Ashley
343,9/17/2024,5,1,,1,32,,,,0,0,Ashley
368,9/17/2024,3,0,,0,32,,,,0,0,Ashley
1,9/18/2024,5,0,,0,32,,,,0,0,Ashley
465,9/18/2024,3,7,,1,32,,,,0,0,Emma
81-2,8/27/2024,3,0,0,1,33,37,,,0,0,Ashley and Emma
42,9/10/2024,4,0,,0,33,,,,0,0,Ashley
166,9/10/2024,5,1,,1,33,,,,0,0,Ashley
123,9/11/2024,5,38,,1,33,,,,0,0,Ashley
213,9/11/2024,3,0,,0,33,,,,0,0,Ashley
294,9/14/2024,6,0,,0,33,,,,0,0,Ashley
290,9/17/2024,0,0,,0,33,,,herbivory of stigmas,1,0,Ashley
170,9/17/2024,3,8,,1,33,,,,0,0,Ashley
185,9/17/2024,6,11,,3,33,,,,0,0,Emma
338,9/17/2024,6,0,,5,33,,,,0,0,Ashley
349,9/17/2024,3,0,,0,33,,,,0,0,Ashley
422,9/18/2024,3,0,,0,33,,,,0,0,Ashley
304,9/18/2024,4,,,,33,,,"herbivory, no stigmas",1,0,
507,9/24/2024,5,0,,0,33,,,,0,0,
9,9/6/2024,6,3,,0,34,,,,0,0,Ashley
27,9/6/2024,6,0,,0,34,,,,0,0,Ashley
54,9/10/2024,4,9,,0,34,,,,0,0,Ashley
74,9/10/2024,5,0,,0,34,,,,0,0,Emma
112,9/11/2024,3,0,,0,34,,,,0,0,Ashley
139,9/11/2024,3,4,,0,34,,,,0,0,Ashley
140,9/11/2024,3,2,,0,34,,,,0,0,Ashley
219,9/11/2024,4,13,,7,34,,,,0,0,Ashley
293,9/14/2024,3,0,,0,34,,,some herbivory on tips,1,0,Ashley
291,9/18/2024,1,,,,34,,,stigma herbivory,1,0,Ashley
419,9/18/2024,6,2,,1,34,,,,0,0,Ashley
101-2,9/5/2024,7,0,,0,35,,,,0,0,Ashley
64,9/10/2024,3,0,,0,35,,,,0,0,Emma
108,9/11/2024,4,8,,3,35,,,,0,0,Ashley
110,9/11/2024,4,6,,0,35,,,,0,0,Ashley
136,9/11/2024,5,4,,2,35,,,,0,0,Ashley
157,9/11/2024,3,0,,0,35,,,,0,0,Ashley
242,9/11/2024,5,0,,0,35,,,,0,0,Ashley
256,9/14/2024,4,6,,1,35,,,,0,0,Ashley
184,9/17/2024,1,3,,1,35,,,some herbivory on stigma,0,0,Ashley
194,9/17/2024,4,0,,0,35,,Degraded,degraded/black on ovules,0,0,Emma
342,9/17/2024,3,2,,2,35,,,,0,0,Ashley
365,9/17/2024,5,4,,1,35,,,,0,0,Ashley
436,9/18/2024,5,0,,0,35,,Degraded,ovary blackened ,0,0,Emma
442,9/18/2024,7,26,,17,35,,,,0,0,Emma
476,9/18/2024,6,3,,1,35,,,,0,0,Emma
82-3,8/27/2024,6,0,0,0,36,32,,,0,0,Ashley and Emma
99,9/5/2024,7,1,,0,36,,,,0,0,Emma
97,9/5/2024,8,66,,8,36,,,,0,0,Ashley
125-2,9/6/2024,6,5,,2,36,,,A lot of phlox (spikey) pollen,0,0,Emma
60,9/10/2024,6,13,,3,36,,,,0,0,Ashley
197,9/11/2024,6,6,,1,36,,,,0,0,Ashley
279,9/14/2024,4,3,,0,36,,,,0,0,Ashley
297,9/14/2024,4,0,,1,36,,,,0,0,Ashley
207,9/17/2024,5,22,,4,36,,,,0,0,Emma
434,9/18/2024,1,0,,0,36,,,no herbivory,0,0,Emma
380,9/24/2024,1,0,,0,36,,,"herbivory, stigmas gone",1,0,
403,9/24/2024,6,8,,1,36,,,,0,0,
83-2,9/5/2024,4,0,,0,37,,,,0,0,Ashley
87-2,9/5/2024,8,5,,1,37,,,,0,0,Ashley
23,9/6/2024,7,2,,1,37,,,,0,0,Ashley
93,9/11/2024,6,5,,0,37,,,,0,0,Ashley
133,9/11/2024,4,0,,0,37,,Faint,"Faint, small ovules, obvious in through lighting",0,0,Ashley
364,9/17/2024,3,0,,0,37,,,,0,0,Ashley
439,9/18/2024,5,7,,1,37,,,,0,0,Emma
125-3,9/6/2024,6,2,,0,38,,,,0,0,Emma
43,9/10/2024,3,15,,3,38,,,,0,0,Ashley
58,9/10/2024,4,2,,0,38,,,,0,0,Ashley
78,9/10/2024,3,0,,0,38,,,,0,0,Ashley
181,9/11/2024,7,109,,45,39,,,,0,0,Ashley
182,9/11/2024,4,0,,0,39,,,,0,0,Ashley
278,9/14/2024,4,0,,0,39,,,,0,0,Ashley
292,9/14/2024,1,0,,0,39,,,some herbivory,1,0,Ashley
457,9/18/2024,0,,,,39,,Missing,"no stigma, ovary ripped open",0,1,Emma
463,9/18/2024,2,0,,0,39,,,,0,0,Emma
309,9/18/2024,6,8,,6,39,,,,0,0,
11,9/6/2024,3,4,,0,40,,,,0,0,Ashley
132,9/11/2024,4,0,,0,40,,Faint,"Faint, small ovules, obvious in through lighting",0,0,Ashley
153,9/11/2024,6,18,,4,40,,,,0,0,Ashley
200,9/11/2024,5,10,,4,41,,,,0,0,Ashley
114,9/11/2024,3,0,,0,41,,,,0,0,Ashley
95,9/11/2024,6,86,,19,42,,,,0,0,Ashley
353,9/17/2024,2,1,,0,42,,,,0,0,Ashley
56,9/10/2024,5,3,,1,43,,,,0,0,Ashley
245,9/10/2024,3,1,,1,43,,,,0,0,Ashley
135,9/11/2024,4,1,,0,43,,,,0,0,Ashley
286,9/14/2024,7,15,,5,43,,,,0,0,Ashley
354,9/17/2024,3,2,,0,44,,,,0,0,Ashley
130,9/11/2024,2,0,,0,45,,Faint,"Faint, small ovules, obvious in through lighting",0,0,Ashley
107,9/11/2024,4,0,,0,47,,,,0,0,Ashley
317,9/17/2024,6,0,,0,48,,,4 stigmas,0,0,Emma
105-1,9/5/2024,6,5,,0,52,,,A lot of phlox (spikey) pollen and smaller round pollen,0,0,Emma
31,9/6/2024,2,0,,0,52,,,,0,0,Ashley
115,9/11/2024,3,3,,0,52,,,,0,0,Ashley
105-2,9/5/2024,5,2,,0,53,,,,0,0,Ashley
46,9/10/2024,4,0,,0,54,,,,0,0,Ashley
77,9/10/2024,3,3,,0,55,,,,0,0,Ashley
19,9/6/2024,3,21,,9,56,,,small ovules,0,0,Ashley
51-2,9/10/2024,,,,,,,,leaf,0,0,Ashley
65-2,9/10/2024,,,,,,,,leaf,0,0,Emma
248,9/11/2024,0,,,,,,,"mangled, herbivory",0,1,Ashley
254,9/11/2024,,,,,,,,empty,0,1,
264,9/14/2024,,,,,,,Missing,"Herbivory, half of the ovary and all of stigmas gone",1,1,
267,9/14/2024,,,,,,,,herb,0,1,
348,9/17/2024,1,,,,,,Missing,"Herbivory, half of the ovary and all of stigmas gone",1,1,Ashley
356,9/17/2024,0,,,,,,Missing,"herbivory, stigmas and half of ovary gone, 6 aborted ovules",1,1,Ashley
359,9/17/2024,4,3,,1,,,,"Ovary wall seem thick, not opaque",0,0,Ashley
260,9/18/2024,2,0,,0,,,,fell on floor/ dried tissue/ no liquid,0,1,Ashley
413,9/18/2024,4,8,,0,,,Degraded,"not clear in ovary, maybe decaying",0,0,Ashley
306,9/18/2024,1,0,,0,,,,"herbivory, half of all stigmas gone, ovary wall opaque",1,0,
