Site,Plant_ID,Population,Latitude,Longitude,Elevation,Sex,Certainty,Smut,Notes
Latir,1,Swale VP,36.79365,-105.48698,12424,F,,,
Latir,2,Swale VP,36.79365,-105.48698,12424,F,,,
Latir,3,Swale VP,36.79365,-105.48698,12424,F,,,
Latir,4,Swale VP,36.79365,-105.48698,12424,H,,,
Latir,5,Swale VP,36.79365,-105.48698,12424,F,,,
Latir,6,Swale VP,36.79365,-105.48698,12424,F,,,
Latir,7,Swale VP,36.79365,-105.48698,12424,H,,,
Latir,8,Swale VP,36.79365,-105.48698,12424,F,,,
Latir,9,Swale VP,36.79365,-105.48698,12424,H,,,
Latir,10,Swale VP,36.79365,-105.48698,12424,H,,,
Latir,11,Swale VP,36.79365,-105.48698,12424,F,,,
Latir,12,Swale VP,36.79365,-105.48698,12424,F,,,
Latir,13,Swale VP,36.79365,-105.48698,12424,H,,,
Latir,14,Swale VP,36.79365,-105.48698,12424,F,,,
Latir,15,Swale VP,36.79365,-105.48698,12424,H,,,
Latir,16,Swale VP,36.79365,-105.48698,12424,F,,,
Latir,17,Swale VP,36.79365,-105.48698,12424,F,,,
Latir,18,Swale VP,36.79365,-105.48698,12424,F,,,
Latir,19,Swale VP,36.79365,-105.48698,12424,H,,,
Latir,20,Swale VP,36.79365,-105.48698,12424,H,,,
Latir,21,Swale VP,36.79365,-105.48698,12424,F,,,
Latir,22,Swale VP,36.79365,-105.48698,12424,F,,,
Latir,23,Swale VP,36.79365,-105.48698,12424,H,,,
Latir,24,Swale VP,36.79365,-105.48698,12424,H,,,
Latir,25,Swale VP,36.79365,-105.48698,12424,F,,,
Latir,26,Swale VP,36.79365,-105.48698,12424,F,,,
Latir,27,Swale VP,36.79365,-105.48698,12424,F,,,
Latir,28,Swale VP,36.79365,-105.48698,12424,F,,,
Latir,29,Swale VP,36.79365,-105.48698,12424,F,,,
Latir,30,Swale VP,36.79365,-105.48698,12424,F,,,
Latir,31,Swale VP,36.79365,-105.48698,12424,H,,,
Latir,32,Swale VP,36.79365,-105.48698,12424,F,,,
Latir,33,Swale VP,36.79365,-105.48698,12424,H,,,
Latir,34,Swale VP,36.79365,-105.48698,12424,F,,,
Latir,35,Swale VP,36.79365,-105.48698,12424,F,,,
Latir,36,Swale VP,36.79365,-105.48698,12424,H,,,
Latir,37,Swale VP,36.79365,-105.48698,12424,H,,,
Latir,38,Swale VP,36.79365,-105.48698,12424,H,,,
Latir,39,Swale VP,36.79365,-105.48698,12424,H,,,
Latir,40,Swale VP,36.79365,-105.48698,12424,F,,,
Latir,41,Swale VP,36.79365,-105.48698,12424,H,,,
Latir,42,Swale VP,36.79365,-105.48698,12424,H,,,
Latir,43,Swale VP,36.79365,-105.48698,12424,H,,,
Latir,44,Swale VP,36.79365,-105.48698,12424,H,,,
Latir,45,Swale VP,36.79365,-105.48698,12424,H,,,
Latir,46,Swale VP,36.79365,-105.48698,12424,F,,,
Latir,47,Swale VP,36.79365,-105.48698,12424,H,,,
Latir,48,Swale VP,36.79365,-105.48698,12424,F,,,
Latir,49,Swale VP,36.79365,-105.48698,12424,F,,,
Latir,50,Swale VP,36.79365,-105.48698,12424,F,,,
Latir,51,Swale VP,36.79365,-105.48698,12424,F,,,
Latir,52,Swale VP,36.79365,-105.48698,12424,H,,,
Latir,53,Swale VP,36.79365,-105.48698,12424,F,,,
Latir,54,Swale VP,36.79365,-105.48698,12424,F,,,
Latir,55,Swale VP,36.79365,-105.48698,12424,H,,,
Latir,56,Swale VP,36.79365,-105.48698,12424,F,,,
Latir,57,Swale VP,36.79365,-105.48698,12424,H,,,
Latir,58,Swale VP,36.79365,-105.48698,12424,H,,,
Latir,59,Swale VP,36.79365,-105.48698,12424,F,,,
Latir,60,Swale VP,36.79365,-105.48698,12424,H,,,
Latir,61,Swale VP,36.79365,-105.48698,12424,H,,,
Latir,62,Swale VP,36.79365,-105.48698,12424,H,,,
Latir,63,Swale VP,36.79365,-105.48698,12424,H,,,
Latir,64,Swale VP,36.79365,-105.48698,12424,H,,,
Latir,65,Swale VP,36.79365,-105.48698,12424,F,,,
Latir,66,Swale VP,36.79365,-105.48698,12424,H,,,
Latir,67,Swale VP,36.79365,-105.48698,12424,F,,,
Latir,68,Swale VP,36.79365,-105.48698,12424,F,,,
Latir,69,Swale VP,36.79365,-105.48698,12424,F,,,
Latir,70,Swale VP,36.79365,-105.48698,12424,F,,,
Latir,71,Swale VP,36.79365,-105.48698,12424,H,,,
Latir,72,Swale VP,36.79365,-105.48698,12424,H,,,
Latir,73,Swale VP,36.79365,-105.48698,12424,F,,,
Latir,74,Swale VP,36.79365,-105.48698,12424,H,,,
Latir,75,Swale VP,36.79365,-105.48698,12424,F,,,
Latir,76,Swale VP,36.79365,-105.48698,12424,H,,,
Latir,77,Swale VP,36.79365,-105.48698,12424,H,,,
Latir,78,Swale VP,36.79365,-105.48698,12424,H,,,
Latir,79,Swale VP,36.79365,-105.48698,12424,F,,,
Latir,80,Swale VP,36.79365,-105.48698,12424,H,,,
Latir,81,Swale VP,36.79365,-105.48698,12424,H,,,
Latir,82,Swale VP,36.79365,-105.48698,12424,H,,,
Latir,83,Swale VP,36.79365,-105.48698,12424,F,,,
Latir,84,Swale VP,36.79365,-105.48698,12424,F,,,
Latir,85,Swale VP,36.79365,-105.48698,12424,F,,,
Latir,86,Swale VP,36.79365,-105.48698,12424,H,,,
Latir,87,Swale VP,36.79365,-105.48698,12424,F,,,
Latir,88,Swale VP,36.79365,-105.48698,12424,H,,,
Latir,89,Swale VP,36.79365,-105.48698,12424,F,,,
Latir,90,Swale VP,36.79365,-105.48698,12424,F,,,
Latir,91,Swale VP,36.79365,-105.48698,12424,F,,,
Latir,92,Swale VP,36.79365,-105.48698,12424,H,,,
Latir,93,Swale VP,36.79365,-105.48698,12424,H,,,
Latir,94,Swale VP,36.79365,-105.48698,12424,H,,,
Latir,95,Swale VP,36.79365,-105.48698,12424,F,,,
Latir,96,Swale VP,36.79365,-105.48698,12424,H,,,
Latir,97,Swale VP,36.79365,-105.48698,12424,F,,,
Latir,98,Swale VP,36.79365,-105.48698,12424,H,,,
Latir,99,Swale VP,36.79365,-105.48698,12424,H,,,
Latir,100,Swale VP,36.79365,-105.48698,12424,F,,,
Latir,101,Swale VP,36.79365,-105.48698,12424,F,,,
Latir,102,Swale VP,36.79365,-105.48698,12424,F,,,
Latir,103,Swale VP,36.79365,-105.48698,12424,H,,,
Latir,104,Swale VP,36.79365,-105.48698,12424,H,,,
Latir,105,Swale VP,36.79365,-105.48698,12424,F,,,
Latir,106,Swale VP,36.79365,-105.48698,12424,F,,,
Latir,107,Swale VP,36.79365,-105.48698,12424,H,,,
Latir,108,Swale VP,36.79365,-105.48698,12424,F,,,
Latir,109,Swale VP,36.79365,-105.48698,12424,F,,,
Latir,110,Swale VP,36.79365,-105.48698,12424,F,,,
Latir,111,Swale VP,36.79365,-105.48698,12424,F,,,
Latir,112,Swale VP,36.79365,-105.48698,12424,H,,,
Latir,113,Swale VP,36.79365,-105.48698,12424,F,,,
Latir,114,Swale VP,36.79365,-105.48698,12424,H,,,
Latir,115,Swale VP,36.79365,-105.48698,12424,F,,,
Latir,116,Swale VP,36.79365,-105.48698,12424,F,,,
Latir,117,Swale VP,36.79365,-105.48698,12424,H,,,
Latir,118,Swale VP,36.79365,-105.48698,12424,F,,,
Latir,119,Swale VP,36.79365,-105.48698,12424,F,,,
Latir,120,Swale VP,36.79365,-105.48698,12424,H,,,
Latir,121,Swale VP,36.79365,-105.48698,12424,F,,,
Latir,122,Swale VP,36.79365,-105.48698,12424,F,,,
Latir,123,Swale VP,36.79365,-105.48698,12424,F,,,
Latir,124,Swale VP,36.79365,-105.48698,12424,F,,,
Latir,125,Swale VP,36.79365,-105.48698,12424,H,,,
Latir,126,Swale VP,36.79365,-105.48698,12424,F,,,
Latir,127,Swale VP,36.79365,-105.48698,12424,H,,,
Latir,128,Swale VP,36.79365,-105.48698,12424,H,,,
Latir,129,Swale VP,36.79365,-105.48698,12424,F,,,
Latir,130,Swale VP,36.79365,-105.48698,12424,H,,,
Latir,131,Swale VP,36.79365,-105.48698,12424,F,,,
Latir,132,Swale VP,36.79365,-105.48698,12424,F,,,
Latir,133,Swale VP,36.79365,-105.48698,12424,F,,,
Latir,134,Swale VP,36.79365,-105.48698,12424,H,,,
Latir,135,Swale VP,36.79365,-105.48698,12424,H,,,
Latir,136,Swale VP,36.79365,-105.48698,12424,F,,,
Latir,137,Swale VP,36.79365,-105.48698,12424,H,,,
Latir,138,Swale VP,36.79365,-105.48698,12424,H,,,
Latir,139,Swale VP,36.79365,-105.48698,12424,H,,,
Latir,140,Swale VP,36.79365,-105.48698,12424,H,,,
Latir,141,Swale VP,36.79365,-105.48698,12424,H,,,
Latir,142,Swale VP,36.79365,-105.48698,12424,F,,,
Latir,143,Swale VP,36.79365,-105.48698,12424,H,,,
Latir,144,Swale VP,36.79365,-105.48698,12424,F,,,
Latir,145,Swale VP,36.79365,-105.48698,12424,H,,,
Latir,146,Swale VP,36.79365,-105.48698,12424,F,,,
Latir,147,Swale VP,36.79365,-105.48698,12424,H,,,
Latir,148,Swale VP,36.79365,-105.48698,12424,H,,,
Latir,149,Swale VP,36.79365,-105.48698,12424,F,,,
Latir,150,Swale VP,36.79365,-105.48698,12424,F,,,
Latir,151,Swale VP,36.79365,-105.48698,12424,H,,,
Latir,152,Swale VP,36.79365,-105.48698,12424,H,,,
Latir,153,Swale VP,36.79365,-105.48698,12424,H,,,
Latir,154,Swale VP,36.79365,-105.48698,12424,F,,,
Latir,155,Swale VP,36.79365,-105.48698,12424,H,,,
Latir,156,Swale VP,36.79365,-105.48698,12424,H,,,
Latir,157,Swale VP,36.79365,-105.48698,12424,F,,,
Latir,158,Swale VP,36.79365,-105.48698,12424,H,,,
Latir,159,Swale VP,36.79365,-105.48698,12424,F,,,
Latir,160,Swale VP,36.79365,-105.48698,12424,F,,,
Latir,161,Swale VP,36.79365,-105.48698,12424,H,,,
Latir,162,Swale VP,36.79365,-105.48698,12424,H,,,
Latir,163,Swale VP,36.79365,-105.48698,12424,H,,,
Latir,164,Swale VP,36.79365,-105.48698,12424,F,,,
Latir,165,Swale VP,36.79365,-105.48698,12424,F,,,
Latir,166,Swale VP,36.79365,-105.48698,12424,F,,,
Latir,167,Swale VP,36.79365,-105.48698,12424,F,,,
Latir,168,Swale VP,36.79365,-105.48698,12424,F,,,
Latir,169,Swale VP,36.79365,-105.48698,12424,H,,,
Latir,170,Swale VP,36.79365,-105.48698,12424,H,High,Y,Some flowers with anther smut
Latir,171,Swale VP,36.79365,-105.48698,12424,F,,,
Latir,172,Swale VP,36.79365,-105.48698,12424,F,,,
Latir,173,Swale VP,36.79365,-105.48698,12424,H,,,
Latir,174,Swale VP,36.79365,-105.48698,12424,H,,,
Latir,175,Swale VP,36.79365,-105.48698,12424,F,,,
Latir,176,Swale VP,36.79365,-105.48698,12424,F,,,
Latir,177,Swale VP,36.79365,-105.48698,12424,F,,,
Latir,178,Swale VP,36.79365,-105.48698,12424,F,,,
Latir,179,Swale VP,36.79365,-105.48698,12424,H,,,
Latir,180,Swale VP,36.79365,-105.48698,12424,H,,,
Latir,181,Swale VP,36.79365,-105.48698,12424,H,,,
Latir,182,Swale VP,36.79365,-105.48698,12424,F,,,
Latir,183,Swale VP,36.79365,-105.48698,12424,H,,,
Latir,184,Swale VP,36.79365,-105.48698,12424,H,,,
Latir,185,Swale VP,36.79365,-105.48698,12424,F,,,
Latir,186,Swale VP,36.79365,-105.48698,12424,H,,,
Latir,187,Swale VP,36.79365,-105.48698,12424,H,,,
Latir,188,Swale VP,36.79365,-105.48698,12424,H,,,
Latir,189,Swale VP,36.79365,-105.48698,12424,H,,,
Latir,190,Swale VP,36.79365,-105.48698,12424,H,,,
Latir,191,Swale VP,36.79365,-105.48698,12424,H,,,
Latir,192,Swale VP,36.79365,-105.48698,12424,F,,,
Latir,193,Swale VP,36.79365,-105.48698,12424,H,,,
Latir,194,Swale VP,36.79365,-105.48698,12424,H,,,
Latir,195,Swale VP,36.79365,-105.48698,12424,H,,,
Latir,196,Swale VP,36.79365,-105.48698,12424,H,,,
Latir,197,Swale VP,36.79365,-105.48698,12424,H,,,
Latir,198,Swale VP,36.79365,-105.48698,12424,F,,,
Latir,199,Swale VP,36.79365,-105.48698,12424,H,,,
Latir,200,Swale VP,36.79365,-105.48698,12424,H,,,
Latir,1,Latir Mesa,36.79783,-105.47854,12689,H,,,
Latir,2,Latir Mesa,36.79783,-105.47854,12689,H,,,
Latir,3,Latir Mesa,36.79783,-105.47854,12689,H,,,
Latir,4,Latir Mesa,36.79783,-105.47854,12689,H,,,
Latir,5,Latir Mesa,36.79783,-105.47854,12689,F,,,
Latir,6,Latir Mesa,36.79783,-105.47854,12689,F,,,
Latir,7,Latir Mesa,36.79783,-105.47854,12689,F,,,
Latir,8,Latir Mesa,36.79783,-105.47854,12689,F,,,
Latir,9,Latir Mesa,36.79783,-105.47854,12689,F,,,
Latir,10,Latir Mesa,36.79783,-105.47854,12689,H,,,
Latir,11,Latir Mesa,36.79783,-105.47854,12689,H,,,
Latir,12,Latir Mesa,36.79783,-105.47854,12689,H,,,
Latir,13,Latir Mesa,36.79783,-105.47854,12689,H,,,
Latir,14,Latir Mesa,36.79783,-105.47854,12689,H,,,
Latir,15,Latir Mesa,36.79783,-105.47854,12689,F,,,
Latir,16,Latir Mesa,36.79783,-105.47854,12689,H,,,
Latir,17,Latir Mesa,36.79783,-105.47854,12689,F,,,
Latir,18,Latir Mesa,36.79783,-105.47854,12689,H,,,
Latir,19,Latir Mesa,36.79783,-105.47854,12689,F,,,
Latir,20,Latir Mesa,36.79783,-105.47854,12689,H,,,
Latir,21,Latir Mesa,36.79783,-105.47854,12689,F,,,
Latir,22,Latir Mesa,36.79783,-105.47854,12689,H,,,
Latir,23,Latir Mesa,36.79783,-105.47854,12689,H,,,
Latir,24,Latir Mesa,36.79783,-105.47854,12689,F,,,
Latir,25,Latir Mesa,36.79783,-105.47854,12689,H,,,
Latir,26,Latir Mesa,36.79783,-105.47854,12689,F,,,
Latir,27,Latir Mesa,36.79783,-105.47854,12689,F,,,
Latir,28,Latir Mesa,36.79783,-105.47854,12689,F,,,
Latir,29,Latir Mesa,36.79783,-105.47854,12689,H,,,
Latir,30,Latir Mesa,36.79783,-105.47854,12689,H,,,
Latir,31,Latir Mesa,36.79783,-105.47854,12689,H,,,
Latir,32,Latir Mesa,36.79783,-105.47854,12689,F,,,
Latir,33,Latir Mesa,36.79783,-105.47854,12689,H,,,
Latir,34,Latir Mesa,36.79783,-105.47854,12689,F,,,
Latir,35,Latir Mesa,36.79783,-105.47854,12689,H,,,
Latir,36,Latir Mesa,36.79783,-105.47854,12689,F,,,
Latir,37,Latir Mesa,36.79783,-105.47854,12689,F,,,
Latir,38,Latir Mesa,36.79783,-105.47854,12689,H,,,
Latir,39,Latir Mesa,36.79783,-105.47854,12689,F,,,
Latir,41,Latir Mesa,36.79783,-105.47854,12689,F,,,Skipped number 40 on datasheet
Latir,42,Latir Mesa,36.79783,-105.47854,12689,H,,,
Latir,43,Latir Mesa,36.79783,-105.47854,12689,F,,,
Latir,44,Latir Mesa,36.79783,-105.47854,12689,F,,,
Latir,45,Latir Mesa,36.79783,-105.47854,12689,H,,,
Latir,46,Latir Mesa,36.79783,-105.47854,12689,F,,,
Latir,47,Latir Mesa,36.79783,-105.47854,12689,H,,,
Latir,48,Latir Mesa,36.79783,-105.47854,12689,H,,,
Latir,49,Latir Mesa,36.79783,-105.47854,12689,H,,,
Latir,50,Latir Mesa,36.79783,-105.47854,12689,H,,,
Latir,51,Latir Mesa,36.79783,-105.47854,12689,H,,,
Latir,52,Latir Mesa,36.79783,-105.47854,12689,H,,,
Latir,53,Latir Mesa,36.79783,-105.47854,12689,F,,,
Latir,54,Latir Mesa,36.79783,-105.47854,12689,H,,,
Latir,55,Latir Mesa,36.79783,-105.47854,12689,H,,,
Latir,56,Latir Mesa,36.79783,-105.47854,12689,F,,,
Latir,57,Latir Mesa,36.79783,-105.47854,12689,F,,,
Latir,58,Latir Mesa,36.79783,-105.47854,12689,F,,,
Latir,59,Latir Mesa,36.79783,-105.47854,12689,F,,,
Latir,60,Latir Mesa,36.79783,-105.47854,12689,H,,,
Latir,61,Latir Mesa,36.79783,-105.47854,12689,F,,,
Latir,62,Latir Mesa,36.79783,-105.47854,12689,H,,,
Latir,63,Latir Mesa,36.79783,-105.47854,12689,H,,,
Latir,64,Latir Mesa,36.79783,-105.47854,12689,F,,,
Latir,65,Latir Mesa,36.79783,-105.47854,12689,F,,,
Latir,66,Latir Mesa,36.79783,-105.47854,12689,H,,,
Latir,67,Latir Mesa,36.79783,-105.47854,12689,H,,,
Latir,68,Latir Mesa,36.79783,-105.47854,12689,F,,,
Latir,69,Latir Mesa,36.79783,-105.47854,12689,H,,,
Latir,70,Latir Mesa,36.79783,-105.47854,12689,H,,,
Latir,71,Latir Mesa,36.79783,-105.47854,12689,H,,,
Latir,72,Latir Mesa,36.79783,-105.47854,12689,H,,,
Latir,73,Latir Mesa,36.79783,-105.47854,12689,H,,,
Latir,74,Latir Mesa,36.79783,-105.47854,12689,F,,,
Latir,75,Latir Mesa,36.79783,-105.47854,12689,H,,,
Latir,76,Latir Mesa,36.79783,-105.47854,12689,F,,,
Latir,77,Latir Mesa,36.79783,-105.47854,12689,H,,,
Latir,78,Latir Mesa,36.79783,-105.47854,12689,H,,,
Latir,79,Latir Mesa,36.79783,-105.47854,12689,F,,,
Latir,80,Latir Mesa,36.79783,-105.47854,12689,H,,,
Latir,81,Latir Mesa,36.79783,-105.47854,12689,H,,,
Latir,82,Latir Mesa,36.79783,-105.47854,12689,F,,,
Latir,83,Latir Mesa,36.79783,-105.47854,12689,H,,,
Latir,84,Latir Mesa,36.79783,-105.47854,12689,H,,,
Latir,85,Latir Mesa,36.79783,-105.47854,12689,F,,,
Latir,86,Latir Mesa,36.79783,-105.47854,12689,H,,,
Latir,87,Latir Mesa,36.79783,-105.47854,12689,F,,,
Latir,88,Latir Mesa,36.79783,-105.47854,12689,F,,,
Latir,89,Latir Mesa,36.79783,-105.47854,12689,F,,,
Latir,90,Latir Mesa,36.79783,-105.47854,12689,F,,,
Latir,91,Latir Mesa,36.79783,-105.47854,12689,H,,,
Latir,92,Latir Mesa,36.79783,-105.47854,12689,H,,,
Latir,93,Latir Mesa,36.79783,-105.47854,12689,F,,,
Latir,94,Latir Mesa,36.79783,-105.47854,12689,F,,,
Latir,95,Latir Mesa,36.79783,-105.47854,12689,F,,,
Latir,96,Latir Mesa,36.79783,-105.47854,12689,F,,,
Latir,97,Latir Mesa,36.79783,-105.47854,12689,F,,,
Latir,98,Latir Mesa,36.79783,-105.47854,12689,F,,,
Latir,99,Latir Mesa,36.79783,-105.47854,12689,H,,,
Latir,100,Latir Mesa,36.79783,-105.47854,12689,F,,,
Latir,101,Latir Mesa,36.79783,-105.47854,12689,H,,,
Latir,102,Latir Mesa,36.79783,-105.47854,12689,H,,,
Latir,103,Latir Mesa,36.79783,-105.47854,12689,H,,,
Latir,104,Latir Mesa,36.79783,-105.47854,12689,H,,,
Latir,105,Latir Mesa,36.79783,-105.47854,12689,H,,,
Latir,106,Latir Mesa,36.79783,-105.47854,12689,F,,,
Latir,107,Latir Mesa,36.79783,-105.47854,12689,F,,,
Latir,108,Latir Mesa,36.79783,-105.47854,12689,F,,,
Latir,109,Latir Mesa,36.79783,-105.47854,12689,H,,,
Latir,110,Latir Mesa,36.79783,-105.47854,12689,F,,,
Latir,111,Latir Mesa,36.79783,-105.47854,12689,F,,,
Latir,112,Latir Mesa,36.79783,-105.47854,12689,H,,,
Latir,113,Latir Mesa,36.79783,-105.47854,12689,F,,,
Latir,114,Latir Mesa,36.79783,-105.47854,12689,H,,,
Latir,115,Latir Mesa,36.79783,-105.47854,12689,F,,,
Latir,116,Latir Mesa,36.79783,-105.47854,12689,F,,,
Latir,117,Latir Mesa,36.79783,-105.47854,12689,F,,,
Latir,118,Latir Mesa,36.79783,-105.47854,12689,F,,,
Latir,119,Latir Mesa,36.79783,-105.47854,12689,H,,,
Latir,120,Latir Mesa,36.79783,-105.47854,12689,H,,,
Latir,121,Latir Mesa,36.79783,-105.47854,12689,H,,,
Latir,122,Latir Mesa,36.79783,-105.47854,12689,F,,,
Latir,123,Latir Mesa,36.79783,-105.47854,12689,F,,,
Latir,124,Latir Mesa,36.79783,-105.47854,12689,H,,,
Latir,125,Latir Mesa,36.79783,-105.47854,12689,F,,,
Latir,126,Latir Mesa,36.79783,-105.47854,12689,H,,,
Latir,127,Latir Mesa,36.79783,-105.47854,12689,F,,,
Latir,128,Latir Mesa,36.79783,-105.47854,12689,H,,,
Latir,129,Latir Mesa,36.79783,-105.47854,12689,F,,,
Latir,130,Latir Mesa,36.79783,-105.47854,12689,H,,,
Latir,131,Latir Mesa,36.79783,-105.47854,12689,H,,,
Latir,132,Latir Mesa,36.79783,-105.47854,12689,H,,,
Latir,133,Latir Mesa,36.79783,-105.47854,12689,F,,,
Latir,134,Latir Mesa,36.79783,-105.47854,12689,F,,,
Latir,135,Latir Mesa,36.79783,-105.47854,12689,F,,,
Latir,136,Latir Mesa,36.79783,-105.47854,12689,H,,,
Latir,137,Latir Mesa,36.79783,-105.47854,12689,H,,,
Latir,138,Latir Mesa,36.79783,-105.47854,12689,F,,,
Latir,139,Latir Mesa,36.79783,-105.47854,12689,F,,,
Latir,140,Latir Mesa,36.79783,-105.47854,12689,H,,,
Latir,141,Latir Mesa,36.79783,-105.47854,12689,H,,,
Latir,142,Latir Mesa,36.79783,-105.47854,12689,H,,,
Latir,143,Latir Mesa,36.79783,-105.47854,12689,F,,,
Latir,144,Latir Mesa,36.79783,-105.47854,12689,F,,,
Latir,145,Latir Mesa,36.79783,-105.47854,12689,H,,,
Latir,146,Latir Mesa,36.79783,-105.47854,12689,H,,,
Latir,147,Latir Mesa,36.79783,-105.47854,12689,H,,,
Latir,148,Latir Mesa,36.79783,-105.47854,12689,H,,,
Latir,149,Latir Mesa,36.79783,-105.47854,12689,H,,,
Latir,150,Latir Mesa,36.79783,-105.47854,12689,F,,,
Latir,151,Latir Mesa,36.79783,-105.47854,12689,H,,,
Latir,152,Latir Mesa,36.79783,-105.47854,12689,F,,,
Latir,153,Latir Mesa,36.79783,-105.47854,12689,F,,,
Latir,154,Latir Mesa,36.79783,-105.47854,12689,F,,,
Latir,155,Latir Mesa,36.79783,-105.47854,12689,F,,,
Latir,156,Latir Mesa,36.79783,-105.47854,12689,H,,,
Latir,157,Latir Mesa,36.79783,-105.47854,12689,H,,,
Latir,158,Latir Mesa,36.79783,-105.47854,12689,H,,,
Latir,159,Latir Mesa,36.79783,-105.47854,12689,H,,,
Latir,160,Latir Mesa,36.79783,-105.47854,12689,H,,,
Latir,161,Latir Mesa,36.79783,-105.47854,12689,H,,,
Latir,162,Latir Mesa,36.79783,-105.47854,12689,H,,,
Latir,163,Latir Mesa,36.79783,-105.47854,12689,H,,,
Latir,164,Latir Mesa,36.79783,-105.47854,12689,F,,,
Latir,165,Latir Mesa,36.79783,-105.47854,12689,H,,,
Latir,166,Latir Mesa,36.79783,-105.47854,12689,H,,,
Latir,167,Latir Mesa,36.79783,-105.47854,12689,H,,,
Latir,168,Latir Mesa,36.79783,-105.47854,12689,F,,,
Latir,169,Latir Mesa,36.79783,-105.47854,12689,H,,,
Latir,170,Latir Mesa,36.79783,-105.47854,12689,H,,,
Latir,171,Latir Mesa,36.79783,-105.47854,12689,H,,,
Latir,172,Latir Mesa,36.79783,-105.47854,12689,H,,,
Latir,173,Latir Mesa,36.79783,-105.47854,12689,H,,,
Latir,174,Latir Mesa,36.79783,-105.47854,12689,H,,,
Latir,175,Latir Mesa,36.79783,-105.47854,12689,H,,,
Latir,176,Latir Mesa,36.79783,-105.47854,12689,H,,,
Latir,177,Latir Mesa,36.79783,-105.47854,12689,F,,,
Latir,178,Latir Mesa,36.79783,-105.47854,12689,H,,,
Latir,179,Latir Mesa,36.79783,-105.47854,12689,H,,,
Latir,180,Latir Mesa,36.79783,-105.47854,12689,H,,,
Latir,181,Latir Mesa,36.79783,-105.47854,12689,F,,,
Latir,182,Latir Mesa,36.79783,-105.47854,12689,H,,,
Latir,183,Latir Mesa,36.79783,-105.47854,12689,F,,,
Latir,184,Latir Mesa,36.79783,-105.47854,12689,F,,,
Latir,185,Latir Mesa,36.79783,-105.47854,12689,F,,,
Latir,186,Latir Mesa,36.79783,-105.47854,12689,F,,,
Latir,187,Latir Mesa,36.79783,-105.47854,12689,F,,,
Latir,188,Latir Mesa,36.79783,-105.47854,12689,F,,,
Latir,189,Latir Mesa,36.79783,-105.47854,12689,H,,,
Latir,190,Latir Mesa,36.79783,-105.47854,12689,F,,,
Latir,191,Latir Mesa,36.79783,-105.47854,12689,F,,,
Latir,192,Latir Mesa,36.79783,-105.47854,12689,H,,,
Latir,193,Latir Mesa,36.79783,-105.47854,12689,H,,,
Latir,194,Latir Mesa,36.79783,-105.47854,12689,F,,,
Latir,195,Latir Mesa,36.79783,-105.47854,12689,F,,,
Latir,196,Latir Mesa,36.79783,-105.47854,12689,H,,,
Latir,197,Latir Mesa,36.79783,-105.47854,12689,F,,,
Latir,198,Latir Mesa,36.79783,-105.47854,12689,F,,,
Latir,199,Latir Mesa,36.79783,-105.47854,12689,H,,,
Latir,200,Latir Mesa,36.79783,-105.47854,12689,F,,,
Latir,201,Latir Mesa,36.79783,-105.47854,12689,H,,,
Latir,202,Latir Mesa,36.79783,-105.47854,12689,H,,,
Latir,203,Latir Mesa,36.79783,-105.47854,12689,H,,,
Latir,1,Verado Peak,36.79149,-105.49251,12714,H,,,
Latir,2,Verado Peak,36.79149,-105.49251,12714,H,,,
Latir,3,Verado Peak,36.79149,-105.49251,12714,H,,,
Latir,4,Verado Peak,36.79149,-105.49251,12714,H,,,
Latir,5,Verado Peak,36.79149,-105.49251,12714,F,,,
Latir,6,Verado Peak,36.79149,-105.49251,12714,H,,,
Latir,7,Verado Peak,36.79149,-105.49251,12714,F,,,
Latir,8,Verado Peak,36.79149,-105.49251,12714,H,,,
Latir,9,Verado Peak,36.79149,-105.49251,12714,H,,,
Latir,10,Verado Peak,36.79149,-105.49251,12714,H,,,
Latir,11,Verado Peak,36.79149,-105.49251,12714,F,,,
Latir,12,Verado Peak,36.79149,-105.49251,12714,H,,,
Latir,13,Verado Peak,36.79149,-105.49251,12714,H,,,
Latir,14,Verado Peak,36.79149,-105.49251,12714,F,,,
Latir,15,Verado Peak,36.79149,-105.49251,12714,F,,,
Latir,16,Verado Peak,36.79149,-105.49251,12714,H,,,
Latir,17,Verado Peak,36.79149,-105.49251,12714,H,,,
Latir,18,Verado Peak,36.79149,-105.49251,12714,H,,,
Latir,19,Verado Peak,36.79149,-105.49251,12714,F,,,
Latir,20,Verado Peak,36.79149,-105.49251,12714,F,,,
Latir,21,Verado Peak,36.79149,-105.49251,12714,F,,,
Latir,22,Verado Peak,36.79149,-105.49251,12714,H,,,
Latir,23,Verado Peak,36.79149,-105.49251,12714,F,,,
Latir,24,Verado Peak,36.79149,-105.49251,12714,F,,,
Latir,25,Verado Peak,36.79149,-105.49251,12714,H,,,
Latir,26,Verado Peak,36.79149,-105.49251,12714,H,,,
Latir,27,Verado Peak,36.79149,-105.49251,12714,H,,,
Latir,28,Verado Peak,36.79149,-105.49251,12714,H,,,
Latir,29,Verado Peak,36.79149,-105.49251,12714,H,,,
Latir,30,Verado Peak,36.79149,-105.49251,12714,H,,,
Latir,31,Verado Peak,36.79149,-105.49251,12714,F,,,
Latir,32,Verado Peak,36.79149,-105.49251,12714,H,,,
Latir,33,Verado Peak,36.79149,-105.49251,12714,H,,,
Latir,34,Verado Peak,36.79149,-105.49251,12714,H,,,
Latir,35,Verado Peak,36.79149,-105.49251,12714,H,,,
Latir,36,Verado Peak,36.79149,-105.49251,12714,F,,,
Latir,37,Verado Peak,36.79149,-105.49251,12714,H,,,
Latir,38,Verado Peak,36.79149,-105.49251,12714,H,,,
Latir,39,Verado Peak,36.79149,-105.49251,12714,H,,,
Latir,40,Verado Peak,36.79149,-105.49251,12714,H,,,
Latir,41,Verado Peak,36.79149,-105.49251,12714,F,,,
Latir,42,Verado Peak,36.79149,-105.49251,12714,H,,,
Latir,43,Verado Peak,36.79149,-105.49251,12714,F,,,
Latir,44,Verado Peak,36.79149,-105.49251,12714,H,,,
Latir,45,Verado Peak,36.79149,-105.49251,12714,F,,,
Latir,46,Verado Peak,36.79149,-105.49251,12714,H,,,
Latir,42X,Verado Peak,36.79149,-105.49251,12714,H,,,Started new data sheet with duplicated numbers
Latir,43X,Verado Peak,36.79149,-105.49251,12714,F,,,
Latir,44X,Verado Peak,36.79149,-105.49251,12714,H,,,
Latir,45X,Verado Peak,36.79149,-105.49251,12714,H,,,
Latir,46X,Verado Peak,36.79149,-105.49251,12714,F,,,
Latir,47,Verado Peak,36.79149,-105.49251,12714,H,,,
Latir,48,Verado Peak,36.79149,-105.49251,12714,F,,,
Latir,49,Verado Peak,36.79149,-105.49251,12714,F,,,
Latir,50,Verado Peak,36.79149,-105.49251,12714,H,,,
Latir,51,Verado Peak,36.79149,-105.49251,12714,H,,,
Latir,52,Verado Peak,36.79149,-105.49251,12714,F,,,
Latir,53,Verado Peak,36.79149,-105.49251,12714,F,,,
Latir,54,Verado Peak,36.79149,-105.49251,12714,H,,,
Latir,55,Verado Peak,36.79149,-105.49251,12714,H,,,
Latir,56,Verado Peak,36.79149,-105.49251,12714,F,,,
Latir,57,Verado Peak,36.79149,-105.49251,12714,H,,,
Latir,58,Verado Peak,36.79149,-105.49251,12714,F,,,
Latir,59,Verado Peak,36.79149,-105.49251,12714,H,,,
Latir,60,Verado Peak,36.79149,-105.49251,12714,H,,,
Latir,61,Verado Peak,36.79149,-105.49251,12714,H,,,
Latir,62,Verado Peak,36.79149,-105.49251,12714,H,,,
Latir,63,Verado Peak,36.79149,-105.49251,12714,H,,,
Latir,64,Verado Peak,36.79149,-105.49251,12714,F,,,
Latir,65,Verado Peak,36.79149,-105.49251,12714,H,,,
Latir,66,Verado Peak,36.79149,-105.49251,12714,F,,,
Latir,67,Verado Peak,36.79149,-105.49251,12714,H,,,
Latir,68,Verado Peak,36.79149,-105.49251,12714,H,,,
Latir,69,Verado Peak,36.79149,-105.49251,12714,F,,,
Latir,70,Verado Peak,36.79149,-105.49251,12714,F,,,
Latir,71,Verado Peak,36.79149,-105.49251,12714,H,,,
Latir,72,Verado Peak,36.79149,-105.49251,12714,H,,,
Latir,73,Verado Peak,36.79149,-105.49251,12714,F,,,
Latir,74,Verado Peak,36.79149,-105.49251,12714,H,,,
Latir,75,Verado Peak,36.79149,-105.49251,12714,F,,,
Latir,76,Verado Peak,36.79149,-105.49251,12714,F,,,
Latir,77,Verado Peak,36.79149,-105.49251,12714,H,,,
Latir,78,Verado Peak,36.79149,-105.49251,12714,F,,,
Latir,79,Verado Peak,36.79149,-105.49251,12714,F,,,
Latir,80,Verado Peak,36.79149,-105.49251,12714,H,,,
Latir,81,Verado Peak,36.79149,-105.49251,12714,F,,,
Latir,82,Verado Peak,36.79149,-105.49251,12714,F,,,
Latir,83,Verado Peak,36.79149,-105.49251,12714,H,,,
Latir,84,Verado Peak,36.79149,-105.49251,12714,H,,,
Latir,85,Verado Peak,36.79149,-105.49251,12714,H,,,
Latir,86,Verado Peak,36.79149,-105.49251,12714,H,,,
Latir,87,Verado Peak,36.79149,-105.49251,12714,F,,,
Latir,88,Verado Peak,36.79149,-105.49251,12714,H,,,
Latir,89,Verado Peak,36.79149,-105.49251,12714,H,,,
Latir,90,Verado Peak,36.79149,-105.49251,12714,F,,,
Latir,91,Verado Peak,36.79149,-105.49251,12714,F,,,
Latir,92,Verado Peak,36.79149,-105.49251,12714,H,,,
Latir,93,Verado Peak,36.79149,-105.49251,12714,F,,,
Latir,94,Verado Peak,36.79149,-105.49251,12714,H,,,
Latir,95,Verado Peak,36.79149,-105.49251,12714,F,,,
Latir,96,Verado Peak,36.79149,-105.49251,12714,H,,,
Latir,97,Verado Peak,36.79149,-105.49251,12714,H,,,
Latir,98,Verado Peak,36.79149,-105.49251,12714,H,,,
Latir,99,Verado Peak,36.79149,-105.49251,12714,H,,,
Latir,100,Verado Peak,36.79149,-105.49251,12714,F,,,
Latir,101,Verado Peak,36.79149,-105.49251,12714,F,,,
Latir,102,Verado Peak,36.79149,-105.49251,12714,F,,,
Latir,103,Verado Peak,36.79149,-105.49251,12714,H,,,
Latir,104,Verado Peak,36.79149,-105.49251,12714,H,,,
Latir,105,Verado Peak,36.79149,-105.49251,12714,H,,,
Latir,106,Verado Peak,36.79149,-105.49251,12714,H,,,
Latir,107,Verado Peak,36.79149,-105.49251,12714,F,,,
Latir,108,Verado Peak,36.79149,-105.49251,12714,H,,,
Latir,109,Verado Peak,36.79149,-105.49251,12714,H,,,
Latir,110,Verado Peak,36.79149,-105.49251,12714,F,,,
Latir,111,Verado Peak,36.79149,-105.49251,12714,H,,,
Latir,112,Verado Peak,36.79149,-105.49251,12714,H,,,
Latir,113,Verado Peak,36.79149,-105.49251,12714,F,,,
Latir,114,Verado Peak,36.79149,-105.49251,12714,H,,,
Latir,115,Verado Peak,36.79149,-105.49251,12714,H,,,
Latir,116,Verado Peak,36.79149,-105.49251,12714,H,,,
Latir,117,Verado Peak,36.79149,-105.49251,12714,F,,,
Latir,118,Verado Peak,36.79149,-105.49251,12714,H,,,
Latir,119,Verado Peak,36.79149,-105.49251,12714,H,,,
Latir,120,Verado Peak,36.79149,-105.49251,12714,F,,,
Latir,121,Verado Peak,36.79149,-105.49251,12714,F,,,
Latir,122,Verado Peak,36.79149,-105.49251,12714,H,,,
Latir,123,Verado Peak,36.79149,-105.49251,12714,H,,,
Latir,125,Verado Peak,36.79149,-105.49251,12714,F,,,
Latir,126,Verado Peak,36.79149,-105.49251,12714,H,,,Skipped 124 on datasheet
Latir,127,Verado Peak,36.79149,-105.49251,12714,H,,,
Latir,128,Verado Peak,36.79149,-105.49251,12714,H,,,
Latir,129,Verado Peak,36.79149,-105.49251,12714,F,,,
Latir,130,Verado Peak,36.79149,-105.49251,12714,H,,,
Latir,131,Verado Peak,36.79149,-105.49251,12714,H,,,
Latir,132,Verado Peak,36.79149,-105.49251,12714,H,,,
Latir,133,Verado Peak,36.79149,-105.49251,12714,H,,,
Latir,134,Verado Peak,36.79149,-105.49251,12714,H,,,
Latir,135,Verado Peak,36.79149,-105.49251,12714,H,,,
Latir,136,Verado Peak,36.79149,-105.49251,12714,F,,,
Latir,137,Verado Peak,36.79149,-105.49251,12714,H,,,
Latir,138,Verado Peak,36.79149,-105.49251,12714,H,,,
Latir,139,Verado Peak,36.79149,-105.49251,12714,H,,,
Latir,140,Verado Peak,36.79149,-105.49251,12714,H,,,
Latir,141,Verado Peak,36.79149,-105.49251,12714,H,,,
Latir,142,Verado Peak,36.79149,-105.49251,12714,H,,,
Latir,143,Verado Peak,36.79149,-105.49251,12714,H,,,
Latir,144,Verado Peak,36.79149,-105.49251,12714,H,,,
Latir,145,Verado Peak,36.79149,-105.49251,12714,H,,,
Latir,146,Verado Peak,36.79149,-105.49251,12714,F,,,
Latir,147,Verado Peak,36.79149,-105.49251,12714,F,,,
Latir,148,Verado Peak,36.79149,-105.49251,12714,H,,,
Latir,149,Verado Peak,36.79149,-105.49251,12714,H,,,
Latir,150,Verado Peak,36.79149,-105.49251,12714,H,,,
Latir,151,Verado Peak,36.79149,-105.49251,12714,H,,,
Latir,152,Verado Peak,36.79149,-105.49251,12714,F,,,
Latir,153,Verado Peak,36.79149,-105.49251,12714,F,,,
Latir,154,Verado Peak,36.79149,-105.49251,12714,F,,,
Latir,155,Verado Peak,36.79149,-105.49251,12714,H,,,
Latir,156,Verado Peak,36.79149,-105.49251,12714,F,,,
Latir,157,Verado Peak,36.79149,-105.49251,12714,H,,,
Latir,158,Verado Peak,36.79149,-105.49251,12714,F,,,
Latir,159,Verado Peak,36.79149,-105.49251,12714,H,,,
Latir,160,Verado Peak,36.79149,-105.49251,12714,H,,,
Latir,161,Verado Peak,36.79149,-105.49251,12714,H,,,
Latir,162,Verado Peak,36.79149,-105.49251,12714,H,,,
Latir,163,Verado Peak,36.79149,-105.49251,12714,H,,,
Latir,164,Verado Peak,36.79149,-105.49251,12714,H,,,
Latir,165,Verado Peak,36.79149,-105.49251,12714,H,,,
Latir,166,Verado Peak,36.79149,-105.49251,12714,F,,,
Latir,167,Verado Peak,36.79149,-105.49251,12714,H,,,
Latir,168,Verado Peak,36.79149,-105.49251,12714,H,,,
Latir,169,Verado Peak,36.79149,-105.49251,12714,H,,,
Latir,170,Verado Peak,36.79149,-105.49251,12714,H,,,
Latir,171,Verado Peak,36.79149,-105.49251,12714,H,,,
Latir,172,Verado Peak,36.79149,-105.49251,12714,H,,,
Latir,173,Verado Peak,36.79149,-105.49251,12714,F,,,
Latir,174,Verado Peak,36.79149,-105.49251,12714,H,,,
Latir,175,Verado Peak,36.79149,-105.49251,12714,H,,,
Latir,176,Verado Peak,36.79149,-105.49251,12714,H,,,
Latir,178,Verado Peak,36.79149,-105.49251,12714,H,,,Skipped 177 on datasheet
Latir,179,Verado Peak,36.79149,-105.49251,12714,H,,,
Latir,180,Verado Peak,36.79149,-105.49251,12714,H,,,
Latir,181,Verado Peak,36.79149,-105.49251,12714,F,,,
Latir,182,Verado Peak,36.79149,-105.49251,12714,F,,,
Latir,183,Verado Peak,36.79149,-105.49251,12714,H,,,
Latir,184,Verado Peak,36.79149,-105.49251,12714,H,,,
Latir,185,Verado Peak,36.79149,-105.49251,12714,H,,,
Latir,186,Verado Peak,36.79149,-105.49251,12714,F,,,
Latir,187,Verado Peak,36.79149,-105.49251,12714,H,,,
Latir,188,Verado Peak,36.79149,-105.49251,12714,H,,,
Latir,189,Verado Peak,36.79149,-105.49251,12714,H,,,
Latir,190,Verado Peak,36.79149,-105.49251,12714,F,,,
Latir,191,Verado Peak,36.79149,-105.49251,12714,H,,,
Latir,192,Verado Peak,36.79149,-105.49251,12714,H,,,
Latir,193,Verado Peak,36.79149,-105.49251,12714,F,,,
Latir,194,Verado Peak,36.79149,-105.49251,12714,H,,,
Latir,195,Verado Peak,36.79149,-105.49251,12714,H,,,
Latir,196,Verado Peak,36.79149,-105.49251,12714,H,,,
Latir,197,Verado Peak,36.79149,-105.49251,12714,H,,,
Latir,198,Verado Peak,36.79149,-105.49251,12714,H,,,
Latir,199,Verado Peak,36.79149,-105.49251,12714,F,,,
Latir,200,Verado Peak,36.79149,-105.49251,12714,F,,,
Latir,201,Verado Peak,36.79149,-105.49251,12714,H,,,
Latir,1,HL Rim,36.78744,-105.4637,12166,H,,,
Latir,2,HL Rim,36.78744,-105.4637,12166,F,,,
Latir,3,HL Rim,36.78744,-105.4637,12166,H,,,
Latir,4,HL Rim,36.78744,-105.4637,12166,F,,,
Latir,5,HL Rim,36.78744,-105.4637,12166,H,,,
Latir,6,HL Rim,36.78744,-105.4637,12166,H,,,
Latir,7,HL Rim,36.78744,-105.4637,12166,H,,,
Latir,8,HL Rim,36.78744,-105.4637,12166,H,,,
Latir,9,HL Rim,36.78744,-105.4637,12166,H,,,
Latir,10,HL Rim,36.78744,-105.4637,12166,H,,,
Latir,11,HL Rim,36.78744,-105.4637,12166,H,,,
Latir,12,HL Rim,36.78744,-105.4637,12166,H,,,
Latir,13,HL Rim,36.78744,-105.4637,12166,H,,,
Latir,14,HL Rim,36.78744,-105.4637,12166,F,,,
Latir,15,HL Rim,36.78744,-105.4637,12166,H,,,
Latir,16,HL Rim,36.78744,-105.4637,12166,H,,,
Latir,17,HL Rim,36.78744,-105.4637,12166,F,,,
Latir,18,HL Rim,36.78744,-105.4637,12166,F,,,
Latir,19,HL Rim,36.78744,-105.4637,12166,H,,,
Latir,20,HL Rim,36.78744,-105.4637,12166,H,,,
Latir,21,HL Rim,36.78744,-105.4637,12166,H,,,
Latir,22,HL Rim,36.78744,-105.4637,12166,H,,,
Latir,23,HL Rim,36.78744,-105.4637,12166,H,,,
Latir,24,HL Rim,36.78744,-105.4637,12166,F,,,
Latir,25,HL Rim,36.78744,-105.4637,12166,H,,,
Latir,26,HL Rim,36.78744,-105.4637,12166,H,,,
Latir,27,HL Rim,36.78744,-105.4637,12166,F,,,
Latir,28,HL Rim,36.78744,-105.4637,12166,H,,,
Latir,29,HL Rim,36.78744,-105.4637,12166,F,,,
Latir,30,HL Rim,36.78744,-105.4637,12166,H,,,
Latir,31,HL Rim,36.78744,-105.4637,12166,H,,,
Latir,32,HL Rim,36.78744,-105.4637,12166,H,,,
Latir,33,HL Rim,36.78744,-105.4637,12166,H,,,
Latir,34,HL Rim,36.78744,-105.4637,12166,F,,,
Latir,35,HL Rim,36.78744,-105.4637,12166,F,,,
Latir,36,HL Rim,36.78744,-105.4637,12166,H,,,
Latir,37,HL Rim,36.78744,-105.4637,12166,H,,,
Latir,38,HL Rim,36.78744,-105.4637,12166,F,,,
Latir,39,HL Rim,36.78744,-105.4637,12166,F,,,
Latir,40,HL Rim,36.78744,-105.4637,12166,H,,,
Latir,41,HL Rim,36.78744,-105.4637,12166,H,,,
Latir,42,HL Rim,36.78744,-105.4637,12166,H,,,
Latir,43,HL Rim,36.78744,-105.4637,12166,H,,,
Latir,44,HL Rim,36.78744,-105.4637,12166,H,,,
Latir,45,HL Rim,36.78744,-105.4637,12166,F,,,
Latir,46,HL Rim,36.78744,-105.4637,12166,H,,,
Latir,47,HL Rim,36.78744,-105.4637,12166,H,,,
Latir,48,HL Rim,36.78744,-105.4637,12166,H,,,
Latir,49,HL Rim,36.78744,-105.4637,12166,F,,,
Latir,50,HL Rim,36.78744,-105.4637,12166,F,,,
Latir,51,HL Rim,36.78744,-105.4637,12166,F,,,
Latir,52,HL Rim,36.78744,-105.4637,12166,H,,,
Latir,53,HL Rim,36.78744,-105.4637,12166,H,,,
Latir,54,HL Rim,36.78744,-105.4637,12166,H,,,
Latir,55,HL Rim,36.78744,-105.4637,12166,F,,,
Latir,56,HL Rim,36.78744,-105.4637,12166,F,,,
Latir,57,HL Rim,36.78744,-105.4637,12166,H,,,
Latir,58,HL Rim,36.78744,-105.4637,12166,H,,,
Latir,59,HL Rim,36.78744,-105.4637,12166,H,,,
Latir,60,HL Rim,36.78744,-105.4637,12166,F,,,
Latir,61,HL Rim,36.78744,-105.4637,12166,F,,,
Latir,62,HL Rim,36.78744,-105.4637,12166,H,,,
Latir,63,HL Rim,36.78744,-105.4637,12166,H,,,
Latir,64,HL Rim,36.78744,-105.4637,12166,H,,,
Latir,65,HL Rim,36.78744,-105.4637,12166,H,,,
Latir,66,HL Rim,36.78744,-105.4637,12166,F,,,
Latir,67,HL Rim,36.78744,-105.4637,12166,F,,,
Latir,68,HL Rim,36.78744,-105.4637,12166,F,,,
Latir,69,HL Rim,36.78744,-105.4637,12166,H,,,
Latir,70,HL Rim,36.78744,-105.4637,12166,H,,,
Latir,71,HL Rim,36.78744,-105.4637,12166,H,,,
Latir,72,HL Rim,36.78744,-105.4637,12166,H,,,
Latir,73,HL Rim,36.78744,-105.4637,12166,H,,,
Latir,74,HL Rim,36.78744,-105.4637,12166,H,,,
Latir,75,HL Rim,36.78744,-105.4637,12166,F,,,
Latir,76,HL Rim,36.78744,-105.4637,12166,F,,,
Latir,77,HL Rim,36.78744,-105.4637,12166,F,High,Y,Female flowers visible on plant
Latir,78,HL Rim,36.78744,-105.4637,12166,H,,,
Latir,79,HL Rim,36.78744,-105.4637,12166,H,,,
Latir,80,HL Rim,36.78744,-105.4637,12166,H,,,
Latir,81,HL Rim,36.78744,-105.4637,12166,F,,,
Latir,82,HL Rim,36.78744,-105.4637,12166,H,,,
Latir,83,HL Rim,36.78744,-105.4637,12166,F,,,
Latir,84,HL Rim,36.78744,-105.4637,12166,H,Low,Y,Full plant in anther smut
Latir,85,HL Rim,36.78744,-105.4637,12166,H,,,
Latir,86,HL Rim,36.78744,-105.4637,12166,H,,,
Latir,87,HL Rim,36.78744,-105.4637,12166,H,,,
Latir,88,HL Rim,36.78744,-105.4637,12166,H,,,
Latir,89,HL Rim,36.78744,-105.4637,12166,F,,,
Latir,90,HL Rim,36.78744,-105.4637,12166,H,,,
Latir,91,HL Rim,36.78744,-105.4637,12166,H,,,
Latir,92,HL Rim,36.78744,-105.4637,12166,H,,,
Latir,93,HL Rim,36.78744,-105.4637,12166,F,,,
Latir,94,HL Rim,36.78744,-105.4637,12166,H,,,
Latir,95,HL Rim,36.78744,-105.4637,12166,H,,,
Latir,96,HL Rim,36.78744,-105.4637,12166,H,,,
Latir,97,HL Rim,36.78744,-105.4637,12166,H,,,
Latir,98,HL Rim,36.78744,-105.4637,12166,H,,,
Latir,99,HL Rim,36.78744,-105.4637,12166,H,,,
Latir,100,HL Rim,36.78744,-105.4637,12166,H,,,
Latir,101,HL Rim,36.78744,-105.4637,12166,H,,,
Latir,102,HL Rim,36.78744,-105.4637,12166,H,,,
Latir,103,HL Rim,36.78744,-105.4637,12166,F,,,
Latir,104,HL Rim,36.78744,-105.4637,12166,H,,,
Latir,105,HL Rim,36.78744,-105.4637,12166,F,High,Y,Female flowers visible on plant
Latir,106,HL Rim,36.78744,-105.4637,12166,F,High,Y,Female flowers visible on plant
Latir,107,HL Rim,36.78744,-105.4637,12166,H,,,
Latir,108,HL Rim,36.78744,-105.4637,12166,H,,,
Latir,109,HL Rim,36.78744,-105.4637,12166,H,,,
Latir,110,HL Rim,36.78744,-105.4637,12166,F,,,
Latir,111,HL Rim,36.78744,-105.4637,12166,H,,,
Latir,112,HL Rim,36.78744,-105.4637,12166,F,,,
Latir,113,HL Rim,36.78744,-105.4637,12166,F,,,
Latir,114,HL Rim,36.78744,-105.4637,12166,H,,,
Latir,115,HL Rim,36.78744,-105.4637,12166,F,,,
Latir,116,HL Rim,36.78744,-105.4637,12166,H,,,
Latir,117,HL Rim,36.78744,-105.4637,12166,H,,,
Latir,118,HL Rim,36.78744,-105.4637,12166,H,,,
Latir,119,HL Rim,36.78744,-105.4637,12166,F,,,
Latir,120,HL Rim,36.78744,-105.4637,12166,H,,,
Latir,121,HL Rim,36.78744,-105.4637,12166,F,,,
Latir,122,HL Rim,36.78744,-105.4637,12166,H,,,
Latir,123,HL Rim,36.78744,-105.4637,12166,H,,,
Latir,124,HL Rim,36.78744,-105.4637,12166,F,,,
Latir,125,HL Rim,36.78744,-105.4637,12166,H,,,
Latir,126,HL Rim,36.78744,-105.4637,12166,H,,,
Latir,127,HL Rim,36.78744,-105.4637,12166,H,,,
Latir,128,HL Rim,36.78744,-105.4637,12166,H,,,
Latir,129,HL Rim,36.78744,-105.4637,12166,H,,,
Latir,130,HL Rim,36.78744,-105.4637,12166,H,,,
Latir,131,HL Rim,36.78744,-105.4637,12166,H,,,
Latir,132,HL Rim,36.78744,-105.4637,12166,H,,,
Latir,133,HL Rim,36.78744,-105.4637,12166,H,,,
Latir,134,HL Rim,36.78744,-105.4637,12166,F,,,
Latir,135,HL Rim,36.78744,-105.4637,12166,H,,,
Latir,136,HL Rim,36.78744,-105.4637,12166,F,,,
Latir,137,HL Rim,36.78744,-105.4637,12166,H,,,
Latir,138,HL Rim,36.78744,-105.4637,12166,H,,,
Latir,139,HL Rim,36.78744,-105.4637,12166,H,,,
Latir,140,HL Rim,36.78744,-105.4637,12166,H,,,
Latir,141,HL Rim,36.78744,-105.4637,12166,H,,,
Latir,142,HL Rim,36.78744,-105.4637,12166,H,,,
Latir,143,HL Rim,36.78744,-105.4637,12166,H,,,
Latir,144,HL Rim,36.78744,-105.4637,12166,H,,,
Latir,145,HL Rim,36.78744,-105.4637,12166,H,,,
Latir,146,HL Rim,36.78744,-105.4637,12166,H,,,
Latir,147,HL Rim,36.78744,-105.4637,12166,H,,,
Latir,148,HL Rim,36.78744,-105.4637,12166,H,,,
Latir,149,HL Rim,36.78744,-105.4637,12166,F,,,
Latir,150,HL Rim,36.78744,-105.4637,12166,F,,,
Latir,151,HL Rim,36.78744,-105.4637,12166,H,,,
Latir,152,HL Rim,36.78744,-105.4637,12166,H,,,
Latir,153,HL Rim,36.78744,-105.4637,12166,H,,,
Latir,154,HL Rim,36.78744,-105.4637,12166,F,,,
Latir,155,HL Rim,36.78744,-105.4637,12166,F,,,
Latir,156,HL Rim,36.78744,-105.4637,12166,F,,,
Latir,157,HL Rim,36.78744,-105.4637,12166,H,,,
Latir,158,HL Rim,36.78744,-105.4637,12166,H,,,
Latir,159,HL Rim,36.78744,-105.4637,12166,F,,,
Latir,160,HL Rim,36.78744,-105.4637,12166,F,,,
Latir,161,HL Rim,36.78744,-105.4637,12166,H,,,
Latir,162,HL Rim,36.78744,-105.4637,12166,H,,,
Latir,163,HL Rim,36.78744,-105.4637,12166,H,,,
Latir,164,HL Rim,36.78744,-105.4637,12166,F,,,
Latir,165,HL Rim,36.78744,-105.4637,12166,H,,,
Latir,166,HL Rim,36.78744,-105.4637,12166,F,,,
Latir,167,HL Rim,36.78744,-105.4637,12166,H,,,
Latir,168,HL Rim,36.78744,-105.4637,12166,F,,,
Latir,169,HL Rim,36.78744,-105.4637,12166,H,,,
Latir,170,HL Rim,36.78744,-105.4637,12166,H,,,
Latir,171,HL Rim,36.78744,-105.4637,12166,H,Low,Y,
Latir,172,HL Rim,36.78744,-105.4637,12166,H,,,
Latir,173,HL Rim,36.78744,-105.4637,12166,H,Low,Y,
Latir,174,HL Rim,36.78744,-105.4637,12166,F,High,Y,Female flowers visible on plant
Latir,175,HL Rim,36.78744,-105.4637,12166,H,,,
Latir,176,HL Rim,36.78744,-105.4637,12166,H,,,
Latir,177,HL Rim,36.78744,-105.4637,12166,F,,,
Latir,178,HL Rim,36.78744,-105.4637,12166,F,,,
Latir,179,HL Rim,36.78744,-105.4637,12166,H,,,
Latir,180,HL Rim,36.78744,-105.4637,12166,H,,,
Latir,181,HL Rim,36.78744,-105.4637,12166,H,High,Y,Hermaphrodite flowers visible on plant
Latir,182,HL Rim,36.78744,-105.4637,12166,F,,,
Latir,183,HL Rim,36.78744,-105.4637,12166,H,,,
Latir,184,HL Rim,36.78744,-105.4637,12166,H,,,
Latir,185,HL Rim,36.78744,-105.4637,12166,H,,,
Latir,186,HL Rim,36.78744,-105.4637,12166,H,,,
Latir,187,HL Rim,36.78744,-105.4637,12166,F,,,
Latir,188,HL Rim,36.78744,-105.4637,12166,H,,,
Latir,189,HL Rim,36.78744,-105.4637,12166,H,,,
Latir,190,HL Rim,36.78744,-105.4637,12166,H,,,
Latir,191,HL Rim,36.78744,-105.4637,12166,F,,,
Latir,192,HL Rim,36.78744,-105.4637,12166,H,Low,Y,
Latir,193,HL Rim,36.78744,-105.4637,12166,F,,,
Latir,194,HL Rim,36.78744,-105.4637,12166,F,,,
Latir,195,HL Rim,36.78744,-105.4637,12166,H,,,
Latir,196,HL Rim,36.78744,-105.4637,12166,H,,,
Latir,197,HL Rim,36.78744,-105.4637,12166,H,,,
Latir,198,HL Rim,36.78744,-105.4637,12166,H,,,
Latir,199,HL Rim,36.78744,-105.4637,12166,H,,,
Latir,200,HL Rim,36.78744,-105.4637,12166,H,,,
Latir,201,HL Rim,36.78744,-105.4637,12166,F,,,
Latir,202,HL Rim,36.78744,-105.4637,12166,F,,,
Latir,203,HL Rim,36.78744,-105.4637,12166,F,,,
Latir,204,HL Rim,36.78744,-105.4637,12166,F,,,
Latir,205,HL Rim,36.78744,-105.4637,12166,H,,,
Latir,206,HL Rim,36.78744,-105.4637,12166,F,,,
Latir,207,HL Rim,36.78744,-105.4637,12166,H,,,
Latir,208,HL Rim,36.78744,-105.4637,12166,F,,,
Latir,209,HL Rim,36.78744,-105.4637,12166,H,,,
Latir,210,HL Rim,36.78744,-105.4637,12166,H,,,
RMNP,1,Chiquita,40.44373,-105.68886,13040,H,,,
RMNP,2,Chiquita,40.44373,-105.68886,13040,F,,,
RMNP,3,Chiquita,40.44373,-105.68886,13040,H,,,
RMNP,4,Chiquita,40.44373,-105.68886,13040,H,,,
RMNP,5,Chiquita,40.44373,-105.68886,13040,H,,,
RMNP,6,Chiquita,40.44373,-105.68886,13040,H,,,
RMNP,7,Chiquita,40.44373,-105.68886,13040,F,,,
RMNP,8,Chiquita,40.44373,-105.68886,13040,F,,,
RMNP,9,Chiquita,40.44373,-105.68886,13040,F,,,
RMNP,10,Chiquita,40.44373,-105.68886,13040,H,,,
RMNP,11,Chiquita,40.44373,-105.68886,13040,F,,,
RMNP,12,Chiquita,40.44373,-105.68886,13040,H,,,
RMNP,13,Chiquita,40.44373,-105.68886,13040,F,,,
RMNP,14,Chiquita,40.44373,-105.68886,13040,H,,,
RMNP,15,Chiquita,40.44373,-105.68886,13040,F,,,
RMNP,16,Chiquita,40.44373,-105.68886,13040,H,,,
RMNP,17,Chiquita,40.44373,-105.68886,13040,F,,,
RMNP,18,Chiquita,40.44373,-105.68886,13040,H,,,
RMNP,19,Chiquita,40.44373,-105.68886,13040,F,,,
RMNP,20,Chiquita,40.44373,-105.68886,13040,H,,,
RMNP,21,Chiquita,40.44373,-105.68886,13040,H,,,
RMNP,22,Chiquita,40.44373,-105.68886,13040,F,,,
RMNP,23,Chiquita,40.44373,-105.68886,13040,F,,,
RMNP,24,Chiquita,40.44373,-105.68886,13040,H,,,
RMNP,25,Chiquita,40.44373,-105.68886,13040,H,,,
RMNP,26,Chiquita,40.44373,-105.68886,13040,H,,,
RMNP,27,Chiquita,40.44373,-105.68886,13040,H,,,
RMNP,28,Chiquita,40.44373,-105.68886,13040,H,,,
RMNP,29,Chiquita,40.44373,-105.68886,13040,H,,,
RMNP,30,Chiquita,40.44373,-105.68886,13040,H,,,
RMNP,31,Chiquita,40.44373,-105.68886,13040,H,,,
RMNP,32,Chiquita,40.44373,-105.68886,13040,F,,,
RMNP,33,Chiquita,40.44373,-105.68886,13040,H,,,
RMNP,34,Chiquita,40.44373,-105.68886,13040,H,,,
RMNP,35,Chiquita,40.44373,-105.68886,13040,H,,,
RMNP,36,Chiquita,40.44373,-105.68886,13040,H,,,
RMNP,37,Chiquita,40.44373,-105.68886,13040,H,,,
RMNP,38,Chiquita,40.44373,-105.68886,13040,H,,,
RMNP,39,Chiquita,40.44373,-105.68886,13040,H,,,
RMNP,40,Chiquita,40.44373,-105.68886,13040,H,,,
RMNP,41,Chiquita,40.44373,-105.68886,13040,H,,,
RMNP,42,Chiquita,40.44373,-105.68886,13040,H,,,
RMNP,43,Chiquita,40.44373,-105.68886,13040,H,,,
RMNP,44,Chiquita,40.44373,-105.68886,13040,H,,,
RMNP,45,Chiquita,40.44373,-105.68886,13040,F,,,
RMNP,46,Chiquita,40.44373,-105.68886,13040,H,,,
RMNP,47,Chiquita,40.44373,-105.68886,13040,F,,,
RMNP,48,Chiquita,40.44373,-105.68886,13040,H,,,
RMNP,49,Chiquita,40.44373,-105.68886,13040,F,,,
RMNP,50,Chiquita,40.44373,-105.68886,13040,H,,,
RMNP,51,Chiquita,40.44373,-105.68886,13040,H,,,
RMNP,52,Chiquita,40.44373,-105.68886,13040,H,,,
RMNP,53,Chiquita,40.44373,-105.68886,13040,F,,,
RMNP,54,Chiquita,40.44373,-105.68886,13040,H,,,
RMNP,55,Chiquita,40.44373,-105.68886,13040,H,,,
RMNP,56,Chiquita,40.44373,-105.68886,13040,H,,,
RMNP,57,Chiquita,40.44373,-105.68886,13040,H,,,
RMNP,58,Chiquita,40.44373,-105.68886,13040,F,,,
RMNP,59,Chiquita,40.44373,-105.68886,13040,H,,,
RMNP,60,Chiquita,40.44373,-105.68886,13040,H,,,
RMNP,61,Chiquita,40.44373,-105.68886,13040,H,,,
RMNP,62,Chiquita,40.44373,-105.68886,13040,H,,,
RMNP,63,Chiquita,40.44373,-105.68886,13040,H,,,
RMNP,64,Chiquita,40.44373,-105.68886,13040,F,,,
RMNP,65,Chiquita,40.44373,-105.68886,13040,H,,,
RMNP,66,Chiquita,40.44373,-105.68886,13040,H,,,
RMNP,67,Chiquita,40.44373,-105.68886,13040,H,,,
RMNP,68,Chiquita,40.44373,-105.68886,13040,H,,,
RMNP,69,Chiquita,40.44373,-105.68886,13040,H,,,
RMNP,70,Chiquita,40.44373,-105.68886,13040,H,,,
RMNP,71,Chiquita,40.44373,-105.68886,13040,H,,,
RMNP,72,Chiquita,40.44373,-105.68886,13040,F,,,
RMNP,73,Chiquita,40.44373,-105.68886,13040,H,,,
RMNP,74,Chiquita,40.44373,-105.68886,13040,H,,,
RMNP,75,Chiquita,40.44373,-105.68886,13040,H,,,
RMNP,76,Chiquita,40.44373,-105.68886,13040,H,,,
RMNP,77,Chiquita,40.44373,-105.68886,13040,F,,,
RMNP,78,Chiquita,40.44373,-105.68886,13040,H,,,
RMNP,79,Chiquita,40.44373,-105.68886,13040,F,,,
RMNP,80,Chiquita,40.44373,-105.68886,13040,H,,,
RMNP,81,Chiquita,40.44373,-105.68886,13040,F,,,
RMNP,82,Chiquita,40.44373,-105.68886,13040,F,,,
RMNP,83,Chiquita,40.44373,-105.68886,13040,H,,,
RMNP,84,Chiquita,40.44373,-105.68886,13040,F,,,
RMNP,85,Chiquita,40.44373,-105.68886,13040,H,,,
RMNP,86,Chiquita,40.44373,-105.68886,13040,H,,,
RMNP,87,Chiquita,40.44373,-105.68886,13040,F,,,
RMNP,88,Chiquita,40.44373,-105.68886,13040,H,,,
RMNP,89,Chiquita,40.44373,-105.68886,13040,F,,,
RMNP,90,Chiquita,40.44373,-105.68886,13040,H,,,
RMNP,91,Chiquita,40.44373,-105.68886,13040,H,,,
RMNP,92,Chiquita,40.44373,-105.68886,13040,F,,,
RMNP,93,Chiquita,40.44373,-105.68886,13040,H,,,
RMNP,94,Chiquita,40.44373,-105.68886,13040,H,,,
RMNP,95,Chiquita,40.44373,-105.68886,13040,H,,,
RMNP,96,Chiquita,40.44373,-105.68886,13040,H,,,
RMNP,97,Chiquita,40.44373,-105.68886,13040,F,,,
RMNP,98,Chiquita,40.44373,-105.68886,13040,H,,,
RMNP,99,Chiquita,40.44373,-105.68886,13040,H,,,
RMNP,100,Chiquita,40.44373,-105.68886,13040,H,,,
RMNP,101,Chiquita,40.44373,-105.68886,13040,H,,,
RMNP,102,Chiquita,40.44373,-105.68886,13040,H,,,
RMNP,103,Chiquita,40.44373,-105.68886,13040,F,,,
RMNP,104,Chiquita,40.44373,-105.68886,13040,H,,,
RMNP,105,Chiquita,40.44373,-105.68886,13040,H,,,
RMNP,106,Chiquita,40.44373,-105.68886,13040,H,,,
RMNP,107,Chiquita,40.44373,-105.68886,13040,F,,,
RMNP,108,Chiquita,40.44373,-105.68886,13040,H,,,
RMNP,109,Chiquita,40.44373,-105.68886,13040,F,,,
RMNP,110,Chiquita,40.44373,-105.68886,13040,H,,,
RMNP,111,Chiquita,40.44373,-105.68886,13040,H,,,
RMNP,112,Chiquita,40.44373,-105.68886,13040,H,,,
RMNP,113,Chiquita,40.44373,-105.68886,13040,H,,,
RMNP,114,Chiquita,40.44373,-105.68886,13040,H,,,
RMNP,115,Chiquita,40.44373,-105.68886,13040,H,,,
RMNP,116,Chiquita,40.44373,-105.68886,13040,H,,,
RMNP,117,Chiquita,40.44373,-105.68886,13040,H,,,
RMNP,118,Chiquita,40.44373,-105.68886,13040,H,,,
RMNP,119,Chiquita,40.44373,-105.68886,13040,F,,,
RMNP,120,Chiquita,40.44373,-105.68886,13040,H,,,
RMNP,121,Chiquita,40.44373,-105.68886,13040,H,,,
RMNP,122,Chiquita,40.44373,-105.68886,13040,H,,,
RMNP,123,Chiquita,40.44373,-105.68886,13040,F,,,
RMNP,124,Chiquita,40.44373,-105.68886,13040,F,,,
RMNP,125,Chiquita,40.44373,-105.68886,13040,H,,,
RMNP,126,Chiquita,40.44373,-105.68886,13040,H,,,
RMNP,127,Chiquita,40.44373,-105.68886,13040,F,,,
RMNP,128,Chiquita,40.44373,-105.68886,13040,H,,,
RMNP,129,Chiquita,40.44373,-105.68886,13040,H,,,
RMNP,130,Chiquita,40.44373,-105.68886,13040,H,,,
RMNP,131,Chiquita,40.44373,-105.68886,13040,H,,,
RMNP,132,Chiquita,40.44373,-105.68886,13040,H,,,
RMNP,133,Chiquita,40.44373,-105.68886,13040,H,,,
RMNP,134,Chiquita,40.44373,-105.68886,13040,F,,,
RMNP,135,Chiquita,40.44373,-105.68886,13040,F,,,
RMNP,136,Chiquita,40.44373,-105.68886,13040,H,,,
RMNP,137,Chiquita,40.44373,-105.68886,13040,H,,,
RMNP,138,Chiquita,40.44373,-105.68886,13040,H,,,
RMNP,139,Chiquita,40.44373,-105.68886,13040,H,,,
RMNP,140,Chiquita,40.44373,-105.68886,13040,H,,,
RMNP,141,Chiquita,40.44373,-105.68886,13040,F,,,
RMNP,142,Chiquita,40.44373,-105.68886,13040,H,,,
RMNP,143,Chiquita,40.44373,-105.68886,13040,H,,,
RMNP,144,Chiquita,40.44373,-105.68886,13040,H,,,
RMNP,145,Chiquita,40.44373,-105.68886,13040,F,,,
RMNP,146,Chiquita,40.44373,-105.68886,13040,H,,,
RMNP,147,Chiquita,40.44373,-105.68886,13040,H,,,
RMNP,148,Chiquita,40.44373,-105.68886,13040,H,,,
RMNP,149,Chiquita,40.44373,-105.68886,13040,H,,,
RMNP,150,Chiquita,40.44373,-105.68886,13040,H,,,
RMNP,151,Chiquita,40.44373,-105.68886,13040,F,,,
RMNP,152,Chiquita,40.44373,-105.68886,13040,H,,,
RMNP,153,Chiquita,40.44373,-105.68886,13040,H,,,
RMNP,154,Chiquita,40.44373,-105.68886,13040,H,,,
RMNP,155,Chiquita,40.44373,-105.68886,13040,F,,,
RMNP,156,Chiquita,40.44373,-105.68886,13040,H,,,
RMNP,157,Chiquita,40.44373,-105.68886,13040,H,,,
RMNP,158,Chiquita,40.44373,-105.68886,13040,H,,,
RMNP,159,Chiquita,40.44373,-105.68886,13040,H,,,
RMNP,160,Chiquita,40.44373,-105.68886,13040,H,,,
RMNP,161,Chiquita,40.44373,-105.68886,13040,H,,,
RMNP,162,Chiquita,40.44373,-105.68886,13040,H,,,
RMNP,163,Chiquita,40.44373,-105.68886,13040,H,,,
RMNP,164,Chiquita,40.44373,-105.68886,13040,F,,,
RMNP,165,Chiquita,40.44373,-105.68886,13040,F,,,
RMNP,166,Chiquita,40.44373,-105.68886,13040,H,,,
RMNP,167,Chiquita,40.44373,-105.68886,13040,H,,,
RMNP,168,Chiquita,40.44373,-105.68886,13040,H,Low,Y,Full plant in anther smut
RMNP,169,Chiquita,40.44373,-105.68886,13040,F,,,
RMNP,170,Chiquita,40.44373,-105.68886,13040,H,Low,Y,Full plant in anther smut
RMNP,171,Chiquita,40.44373,-105.68886,13040,H,,,
RMNP,172,Chiquita,40.44373,-105.68886,13040,F,,,
RMNP,173,Chiquita,40.44373,-105.68886,13040,F,,,
RMNP,174,Chiquita,40.44373,-105.68886,13040,H,,,
RMNP,175,Chiquita,40.44373,-105.68886,13040,H,,,
RMNP,176,Chiquita,40.44373,-105.68886,13040,F,,,
RMNP,177,Chiquita,40.44373,-105.68886,13040,F,,,
RMNP,178,Chiquita,40.44373,-105.68886,13040,H,,,
RMNP,179,Chiquita,40.44373,-105.68886,13040,H,,,
RMNP,180,Chiquita,40.44373,-105.68886,13040,H,,,
RMNP,181,Chiquita,40.44373,-105.68886,13040,H,,,
RMNP,182,Chiquita,40.44373,-105.68886,13040,H,,,
RMNP,183,Chiquita,40.44373,-105.68886,13040,H,,,
RMNP,184,Chiquita,40.44373,-105.68886,13040,F,,,
RMNP,185,Chiquita,40.44373,-105.68886,13040,F,,,
RMNP,186,Chiquita,40.44373,-105.68886,13040,H,,,
RMNP,187,Chiquita,40.44373,-105.68886,13040,H,,,
RMNP,188,Chiquita,40.44373,-105.68886,13040,H,,,
RMNP,189,Chiquita,40.44373,-105.68886,13040,H,,,
RMNP,190,Chiquita,40.44373,-105.68886,13040,H,,,
RMNP,191,Chiquita,40.44373,-105.68886,13040,F,,,
RMNP,192,Chiquita,40.44373,-105.68886,13040,F,,,
RMNP,193,Chiquita,40.44373,-105.68886,13040,F,,,
RMNP,194,Chiquita,40.44373,-105.68886,13040,H,,,
RMNP,195,Chiquita,40.44373,-105.68886,13040,H,,,
RMNP,196,Chiquita,40.44373,-105.68886,13040,F,,,
RMNP,197,Chiquita,40.44373,-105.68886,13040,F,,,
RMNP,198,Chiquita,40.44373,-105.68886,13040,H,,,
RMNP,199,Chiquita,40.44373,-105.68886,13040,H,,,
RMNP,200,Chiquita,40.44373,-105.68886,13040,H,,,
RMNP,201,Chiquita,40.44373,-105.68886,13040,F,,,
RMNP,202,Chiquita,40.44373,-105.68886,13040,F,,,
RMNP,203,Chiquita,40.44373,-105.68886,13040,H,,,
RMNP,204,Chiquita,40.44373,-105.68886,13040,H,,,
RMNP,1,Ypsilon Slope,40.4525,-105.6868,13145,H,,,
RMNP,2,Ypsilon Slope,40.4525,-105.6868,13145,H,,,
RMNP,3,Ypsilon Slope,40.4525,-105.6868,13145,F,,,
RMNP,4,Ypsilon Slope,40.4525,-105.6868,13145,F,High,Y,Female flowers visible on plant
RMNP,5,Ypsilon Slope,40.4525,-105.6868,13145,H,,,
RMNP,6,Ypsilon Slope,40.4525,-105.6868,13145,H,,,
RMNP,7,Ypsilon Slope,40.4525,-105.6868,13145,F,,,
RMNP,8,Ypsilon Slope,40.4525,-105.6868,13145,F,,,
RMNP,9,Ypsilon Slope,40.4525,-105.6868,13145,F,,,
RMNP,10,Ypsilon Slope,40.4525,-105.6868,13145,H,,,
RMNP,11,Ypsilon Slope,40.4525,-105.6868,13145,F,,,
RMNP,12,Ypsilon Slope,40.4525,-105.6868,13145,F,,,
RMNP,13,Ypsilon Slope,40.4525,-105.6868,13145,H,,,
RMNP,14,Ypsilon Slope,40.4525,-105.6868,13145,H,,,
RMNP,15,Ypsilon Slope,40.4525,-105.6868,13145,H,,,
RMNP,16,Ypsilon Slope,40.4525,-105.6868,13145,F,,,
RMNP,17,Ypsilon Slope,40.4525,-105.6868,13145,F,,,
RMNP,18,Ypsilon Slope,40.4525,-105.6868,13145,H,,,
RMNP,19,Ypsilon Slope,40.4525,-105.6868,13145,F,,,
RMNP,20,Ypsilon Slope,40.4525,-105.6868,13145,F,,,
RMNP,21,Ypsilon Slope,40.4525,-105.6868,13145,F,,,
RMNP,22,Ypsilon Slope,40.4525,-105.6868,13145,H,,,
RMNP,23,Ypsilon Slope,40.4525,-105.6868,13145,H,,,
RMNP,24,Ypsilon Slope,40.4525,-105.6868,13145,F,,,
RMNP,25,Ypsilon Slope,40.4525,-105.6868,13145,H,,,
RMNP,26,Ypsilon Slope,40.4525,-105.6868,13145,H,,,
RMNP,27,Ypsilon Slope,40.4525,-105.6868,13145,H,,,
RMNP,28,Ypsilon Slope,40.4525,-105.6868,13145,F,,,
RMNP,29,Ypsilon Slope,40.4525,-105.6868,13145,F,,,
RMNP,30,Ypsilon Slope,40.4525,-105.6868,13145,F,,,
RMNP,31,Ypsilon Slope,40.4525,-105.6868,13145,F,,,
RMNP,32,Ypsilon Slope,40.4525,-105.6868,13145,F,,,
RMNP,33,Ypsilon Slope,40.4525,-105.6868,13145,H,,,
RMNP,34,Ypsilon Slope,40.4525,-105.6868,13145,F,,,
RMNP,35,Ypsilon Slope,40.4525,-105.6868,13145,F,,,
RMNP,36,Ypsilon Slope,40.4525,-105.6868,13145,F,,,
RMNP,37,Ypsilon Slope,40.4525,-105.6868,13145,H,,,
RMNP,38,Ypsilon Slope,40.4525,-105.6868,13145,F,,,
RMNP,39,Ypsilon Slope,40.4525,-105.6868,13145,F,,,
RMNP,40,Ypsilon Slope,40.4525,-105.6868,13145,F,,,
RMNP,41,Ypsilon Slope,40.4525,-105.6868,13145,F,,,
RMNP,42,Ypsilon Slope,40.4525,-105.6868,13145,F,,,
RMNP,43,Ypsilon Slope,40.4525,-105.6868,13145,F,,,
RMNP,44,Ypsilon Slope,40.4525,-105.6868,13145,F,,,
RMNP,45,Ypsilon Slope,40.4525,-105.6868,13145,H,,,
RMNP,46,Ypsilon Slope,40.4525,-105.6868,13145,H,,,
RMNP,47,Ypsilon Slope,40.4525,-105.6868,13145,F,,,
RMNP,48,Ypsilon Slope,40.4525,-105.6868,13145,H,,,
RMNP,49,Ypsilon Slope,40.4525,-105.6868,13145,F,,,
RMNP,50,Ypsilon Slope,40.4525,-105.6868,13145,H,,,
RMNP,51,Ypsilon Slope,40.4525,-105.6868,13145,F,,,
RMNP,52,Ypsilon Slope,40.4525,-105.6868,13145,H,,,
RMNP,53,Ypsilon Slope,40.4525,-105.6868,13145,F,,,
RMNP,54,Ypsilon Slope,40.4525,-105.6868,13145,F,,,
RMNP,55,Ypsilon Slope,40.4525,-105.6868,13145,H,,,
RMNP,56,Ypsilon Slope,40.4525,-105.6868,13145,F,,,
RMNP,57,Ypsilon Slope,40.4525,-105.6868,13145,H,,,
RMNP,58,Ypsilon Slope,40.4525,-105.6868,13145,F,,,
RMNP,59,Ypsilon Slope,40.4525,-105.6868,13145,F,,,
RMNP,60,Ypsilon Slope,40.4525,-105.6868,13145,F,,,
RMNP,61,Ypsilon Slope,40.4525,-105.6868,13145,H,,,
RMNP,62,Ypsilon Slope,40.4525,-105.6868,13145,H,,,
RMNP,63,Ypsilon Slope,40.4525,-105.6868,13145,H,,,
RMNP,64,Ypsilon Slope,40.4525,-105.6868,13145,H,,,
RMNP,65,Ypsilon Slope,40.4525,-105.6868,13145,F,,,
RMNP,66,Ypsilon Slope,40.4525,-105.6868,13145,F,,,
RMNP,67,Ypsilon Slope,40.4525,-105.6868,13145,H,,,
RMNP,68,Ypsilon Slope,40.4525,-105.6868,13145,H,,,
RMNP,69,Ypsilon Slope,40.4525,-105.6868,13145,H,,,
RMNP,70,Ypsilon Slope,40.4525,-105.6868,13145,F,,,
RMNP,71,Ypsilon Slope,40.4525,-105.6868,13145,F,,,
RMNP,72,Ypsilon Slope,40.4525,-105.6868,13145,F,,,
RMNP,73,Ypsilon Slope,40.4525,-105.6868,13145,F,,,
RMNP,74,Ypsilon Slope,40.4525,-105.6868,13145,H,,,
RMNP,75,Ypsilon Slope,40.4525,-105.6868,13145,F,,,
RMNP,76,Ypsilon Slope,40.4525,-105.6868,13145,F,,,
RMNP,77,Ypsilon Slope,40.4525,-105.6868,13145,H,,,
RMNP,78,Ypsilon Slope,40.4525,-105.6868,13145,H,,,
RMNP,79,Ypsilon Slope,40.4525,-105.6868,13145,F,,,
RMNP,80,Ypsilon Slope,40.4525,-105.6868,13145,F,,,
RMNP,81,Ypsilon Slope,40.4525,-105.6868,13145,F,,,
RMNP,82,Ypsilon Slope,40.4525,-105.6868,13145,F,,,
RMNP,83,Ypsilon Slope,40.4525,-105.6868,13145,F,,,
RMNP,84,Ypsilon Slope,40.4525,-105.6868,13145,F,,,
RMNP,85,Ypsilon Slope,40.4525,-105.6868,13145,F,,,
RMNP,86,Ypsilon Slope,40.4525,-105.6868,13145,F,,,
RMNP,87,Ypsilon Slope,40.4525,-105.6868,13145,H,,,
RMNP,88,Ypsilon Slope,40.4525,-105.6868,13145,H,,,
RMNP,89,Ypsilon Slope,40.4525,-105.6868,13145,F,,,
RMNP,90,Ypsilon Slope,40.4525,-105.6868,13145,H,,,
RMNP,91,Ypsilon Slope,40.4525,-105.6868,13145,F,,,
RMNP,92,Ypsilon Slope,40.4525,-105.6868,13145,H,,,
RMNP,93,Ypsilon Slope,40.4525,-105.6868,13145,F,,,
RMNP,94,Ypsilon Slope,40.4525,-105.6868,13145,H,,,
RMNP,95,Ypsilon Slope,40.4525,-105.6868,13145,F,,,
RMNP,96,Ypsilon Slope,40.4525,-105.6868,13145,F,,,
RMNP,97,Ypsilon Slope,40.4525,-105.6868,13145,H,,,
RMNP,98,Ypsilon Slope,40.4525,-105.6868,13145,F,,,
RMNP,99,Ypsilon Slope,40.4525,-105.6868,13145,F,,,
RMNP,100,Ypsilon Slope,40.4525,-105.6868,13145,H,,,
RMNP,101,Ypsilon Slope,40.4525,-105.6868,13145,H,,,
RMNP,102,Ypsilon Slope,40.4525,-105.6868,13145,H,,,
RMNP,103,Ypsilon Slope,40.4525,-105.6868,13145,H,,,
RMNP,104,Ypsilon Slope,40.4525,-105.6868,13145,H,,,
RMNP,105,Ypsilon Slope,40.4525,-105.6868,13145,F,,,
RMNP,106,Ypsilon Slope,40.4525,-105.6868,13145,F,,,
RMNP,107,Ypsilon Slope,40.4525,-105.6868,13145,H,,,
RMNP,108,Ypsilon Slope,40.4525,-105.6868,13145,H,,,
RMNP,109,Ypsilon Slope,40.4525,-105.6868,13145,F,,,
RMNP,110,Ypsilon Slope,40.4525,-105.6868,13145,F,,,
RMNP,111,Ypsilon Slope,40.4525,-105.6868,13145,H,,,
RMNP,112,Ypsilon Slope,40.4525,-105.6868,13145,F,,,
RMNP,113,Ypsilon Slope,40.4525,-105.6868,13145,F,,,
RMNP,114,Ypsilon Slope,40.4525,-105.6868,13145,F,,,
RMNP,115,Ypsilon Slope,40.4525,-105.6868,13145,H,,,
RMNP,116,Ypsilon Slope,40.4525,-105.6868,13145,F,,,
RMNP,117,Ypsilon Slope,40.4525,-105.6868,13145,H,,,
RMNP,118,Ypsilon Slope,40.4525,-105.6868,13145,H,,,
RMNP,119,Ypsilon Slope,40.4525,-105.6868,13145,F,,,
RMNP,120,Ypsilon Slope,40.4525,-105.6868,13145,F,,,
RMNP,121,Ypsilon Slope,40.4525,-105.6868,13145,H,,,
RMNP,122,Ypsilon Slope,40.4525,-105.6868,13145,H,,,
RMNP,123,Ypsilon Slope,40.4525,-105.6868,13145,F,,,
RMNP,124,Ypsilon Slope,40.4525,-105.6868,13145,H,,,
RMNP,125,Ypsilon Slope,40.4525,-105.6868,13145,H,,,
RMNP,126,Ypsilon Slope,40.4525,-105.6868,13145,F,,,
RMNP,127,Ypsilon Slope,40.4525,-105.6868,13145,H,,,
RMNP,128,Ypsilon Slope,40.4525,-105.6868,13145,H,,,
RMNP,129,Ypsilon Slope,40.4525,-105.6868,13145,H,,,
RMNP,130,Ypsilon Slope,40.4525,-105.6868,13145,F,,,
RMNP,131,Ypsilon Slope,40.4525,-105.6868,13145,F,,,
RMNP,132,Ypsilon Slope,40.4525,-105.6868,13145,H,,,
RMNP,133,Ypsilon Slope,40.4525,-105.6868,13145,F,,,
RMNP,134,Ypsilon Slope,40.4525,-105.6868,13145,H,,,
RMNP,135,Ypsilon Slope,40.4525,-105.6868,13145,F,,,
RMNP,136,Ypsilon Slope,40.4525,-105.6868,13145,F,,,
RMNP,137,Ypsilon Slope,40.4525,-105.6868,13145,F,,,
RMNP,138,Ypsilon Slope,40.4525,-105.6868,13145,F,,,
RMNP,139,Ypsilon Slope,40.4525,-105.6868,13145,F,,,
RMNP,140,Ypsilon Slope,40.4525,-105.6868,13145,H,,,
RMNP,141,Ypsilon Slope,40.4525,-105.6868,13145,F,,,
RMNP,142,Ypsilon Slope,40.4525,-105.6868,13145,H,,,
RMNP,143,Ypsilon Slope,40.4525,-105.6868,13145,F,,,
RMNP,144,Ypsilon Slope,40.4525,-105.6868,13145,H,,,
RMNP,145,Ypsilon Slope,40.4525,-105.6868,13145,F,,,
RMNP,146,Ypsilon Slope,40.4525,-105.6868,13145,F,,,
RMNP,147,Ypsilon Slope,40.4525,-105.6868,13145,F,,,
RMNP,148,Ypsilon Slope,40.4525,-105.6868,13145,F,,,
RMNP,149,Ypsilon Slope,40.4525,-105.6868,13145,H,,,
RMNP,150,Ypsilon Slope,40.4525,-105.6868,13145,F,,,
RMNP,151,Ypsilon Slope,40.4525,-105.6868,13145,F,,,
RMNP,152,Ypsilon Slope,40.4525,-105.6868,13145,F,,,
RMNP,153,Ypsilon Slope,40.4525,-105.6868,13145,H,,,
RMNP,154,Ypsilon Slope,40.4525,-105.6868,13145,F,,,
RMNP,155,Ypsilon Slope,40.4525,-105.6868,13145,H,,,
RMNP,156,Ypsilon Slope,40.4525,-105.6868,13145,F,,,
RMNP,157,Ypsilon Slope,40.4525,-105.6868,13145,F,,,
RMNP,158,Ypsilon Slope,40.4525,-105.6868,13145,H,,,
RMNP,159,Ypsilon Slope,40.4525,-105.6868,13145,F,,,
RMNP,160,Ypsilon Slope,40.4525,-105.6868,13145,F,,,
RMNP,161,Ypsilon Slope,40.4525,-105.6868,13145,H,,,
RMNP,162,Ypsilon Slope,40.4525,-105.6868,13145,H,,,
RMNP,163,Ypsilon Slope,40.4525,-105.6868,13145,F,,,
RMNP,164,Ypsilon Slope,40.4525,-105.6868,13145,F,,,
RMNP,165,Ypsilon Slope,40.4525,-105.6868,13145,F,,,
RMNP,166,Ypsilon Slope,40.4525,-105.6868,13145,F,,,
RMNP,167,Ypsilon Slope,40.4525,-105.6868,13145,F,,,
RMNP,168,Ypsilon Slope,40.4525,-105.6868,13145,F,,,
RMNP,169,Ypsilon Slope,40.4525,-105.6868,13145,F,,,
RMNP,170,Ypsilon Slope,40.4525,-105.6868,13145,H,,,
RMNP,171,Ypsilon Slope,40.4525,-105.6868,13145,H,,,
RMNP,172,Ypsilon Slope,40.4525,-105.6868,13145,F,,,
RMNP,173,Ypsilon Slope,40.4525,-105.6868,13145,H,,,
RMNP,174,Ypsilon Slope,40.4525,-105.6868,13145,F,,,
RMNP,175,Ypsilon Slope,40.4525,-105.6868,13145,H,,,
RMNP,176,Ypsilon Slope,40.4525,-105.6868,13145,F,,,
RMNP,177,Ypsilon Slope,40.4525,-105.6868,13145,H,,,
RMNP,178,Ypsilon Slope,40.4525,-105.6868,13145,H,,,
RMNP,179,Ypsilon Slope,40.4525,-105.6868,13145,F,,,
RMNP,180,Ypsilon Slope,40.4525,-105.6868,13145,F,,,
RMNP,181,Ypsilon Slope,40.4525,-105.6868,13145,F,,,
RMNP,182,Ypsilon Slope,40.4525,-105.6868,13145,F,,,
RMNP,183,Ypsilon Slope,40.4525,-105.6868,13145,H,,,
RMNP,184,Ypsilon Slope,40.4525,-105.6868,13145,H,,,
RMNP,185,Ypsilon Slope,40.4525,-105.6868,13145,H,,,
RMNP,186,Ypsilon Slope,40.4525,-105.6868,13145,F,,,
RMNP,187,Ypsilon Slope,40.4525,-105.6868,13145,H,,,
RMNP,188,Ypsilon Slope,40.4525,-105.6868,13145,H,,,
RMNP,189,Ypsilon Slope,40.4525,-105.6868,13145,H,,,
RMNP,190,Ypsilon Slope,40.4525,-105.6868,13145,F,,,
RMNP,191,Ypsilon Slope,40.4525,-105.6868,13145,F,,,
RMNP,192,Ypsilon Slope,40.4525,-105.6868,13145,F,,,
RMNP,193,Ypsilon Slope,40.4525,-105.6868,13145,H,,,
RMNP,194,Ypsilon Slope,40.4525,-105.6868,13145,F,,,
RMNP,195,Ypsilon Slope,40.4525,-105.6868,13145,H,,,
RMNP,196,Ypsilon Slope,40.4525,-105.6868,13145,F,,,
RMNP,197,Ypsilon Slope,40.4525,-105.6868,13145,H,,,
RMNP,198,Ypsilon Slope,40.4525,-105.6868,13145,H,,,
RMNP,199,Ypsilon Slope,40.4525,-105.6868,13145,F,,,
RMNP,200,Ypsilon Slope,40.4525,-105.6868,13145,H,,,
RMNP,201,Ypsilon Slope,40.4525,-105.6868,13145,H,,,
RMNP,202,Ypsilon Slope,40.4525,-105.6868,13145,H,,,
RMNP,1,Ypsilon Trail,40.45019,-105.69125,12865,H,,,
RMNP,2,Ypsilon Trail,40.45019,-105.69125,12865,H,,,
RMNP,3,Ypsilon Trail,40.45019,-105.69125,12865,F,,,
RMNP,4,Ypsilon Trail,40.45019,-105.69125,12865,F,,,
RMNP,5,Ypsilon Trail,40.45019,-105.69125,12865,F,,,
RMNP,6,Ypsilon Trail,40.45019,-105.69125,12865,F,,,
RMNP,7,Ypsilon Trail,40.45019,-105.69125,12865,F,,,
RMNP,8,Ypsilon Trail,40.45019,-105.69125,12865,F,,,
RMNP,9,Ypsilon Trail,40.45019,-105.69125,12865,H,,,
RMNP,10,Ypsilon Trail,40.45019,-105.69125,12865,H,,,
RMNP,11,Ypsilon Trail,40.45019,-105.69125,12865,H,,,
RMNP,12,Ypsilon Trail,40.45019,-105.69125,12865,F,,,
RMNP,13,Ypsilon Trail,40.45019,-105.69125,12865,F,,,
RMNP,14,Ypsilon Trail,40.45019,-105.69125,12865,H,,,
RMNP,15,Ypsilon Trail,40.45019,-105.69125,12865,F,,,
RMNP,16,Ypsilon Trail,40.45019,-105.69125,12865,F,,,
RMNP,17,Ypsilon Trail,40.45019,-105.69125,12865,H,,,
RMNP,18,Ypsilon Trail,40.45019,-105.69125,12865,H,,,
RMNP,19,Ypsilon Trail,40.45019,-105.69125,12865,F,,,
RMNP,20,Ypsilon Trail,40.45019,-105.69125,12865,H,,,
RMNP,21,Ypsilon Trail,40.45019,-105.69125,12865,H,,,
RMNP,22,Ypsilon Trail,40.45019,-105.69125,12865,F,,,
RMNP,23,Ypsilon Trail,40.45019,-105.69125,12865,F,,,
RMNP,24,Ypsilon Trail,40.45019,-105.69125,12865,H,,,
RMNP,25,Ypsilon Trail,40.45019,-105.69125,12865,H,,,
RMNP,26,Ypsilon Trail,40.45019,-105.69125,12865,F,,,
RMNP,27,Ypsilon Trail,40.45019,-105.69125,12865,H,,,
RMNP,28,Ypsilon Trail,40.45019,-105.69125,12865,H,,,
RMNP,29,Ypsilon Trail,40.45019,-105.69125,12865,H,,,
RMNP,30,Ypsilon Trail,40.45019,-105.69125,12865,F,,,
RMNP,31,Ypsilon Trail,40.45019,-105.69125,12865,F,,,
RMNP,32,Ypsilon Trail,40.45019,-105.69125,12865,H,,,
RMNP,33,Ypsilon Trail,40.45019,-105.69125,12865,F,,,
RMNP,34,Ypsilon Trail,40.45019,-105.69125,12865,F,,,
RMNP,35,Ypsilon Trail,40.45019,-105.69125,12865,F,,,
RMNP,36,Ypsilon Trail,40.45019,-105.69125,12865,H,,,
RMNP,37,Ypsilon Trail,40.45019,-105.69125,12865,H,,,
RMNP,38,Ypsilon Trail,40.45019,-105.69125,12865,F,,,
RMNP,39,Ypsilon Trail,40.45019,-105.69125,12865,H,,,
RMNP,40,Ypsilon Trail,40.45019,-105.69125,12865,H,,,
RMNP,41,Ypsilon Trail,40.45019,-105.69125,12865,F,,,
RMNP,42,Ypsilon Trail,40.45019,-105.69125,12865,H,,,
RMNP,43,Ypsilon Trail,40.45019,-105.69125,12865,F,,,
RMNP,44,Ypsilon Trail,40.45019,-105.69125,12865,F,,,
RMNP,45,Ypsilon Trail,40.45019,-105.69125,12865,F,,,
RMNP,46,Ypsilon Trail,40.45019,-105.69125,12865,H,,,
RMNP,47,Ypsilon Trail,40.45019,-105.69125,12865,H,,,
RMNP,48,Ypsilon Trail,40.45019,-105.69125,12865,F,,,
RMNP,49,Ypsilon Trail,40.45019,-105.69125,12865,H,,,
RMNP,50,Ypsilon Trail,40.45019,-105.69125,12865,H,,,
RMNP,51,Ypsilon Trail,40.45019,-105.69125,12865,F,,,
RMNP,52,Ypsilon Trail,40.45019,-105.69125,12865,F,,,
RMNP,53,Ypsilon Trail,40.45019,-105.69125,12865,H,,,
RMNP,54,Ypsilon Trail,40.45019,-105.69125,12865,H,,,
RMNP,55,Ypsilon Trail,40.45019,-105.69125,12865,H,,,
RMNP,56,Ypsilon Trail,40.45019,-105.69125,12865,H,,,
RMNP,57,Ypsilon Trail,40.45019,-105.69125,12865,H,,,
RMNP,58,Ypsilon Trail,40.45019,-105.69125,12865,F,,,
RMNP,59,Ypsilon Trail,40.45019,-105.69125,12865,H,,,
RMNP,60,Ypsilon Trail,40.45019,-105.69125,12865,H,,,
RMNP,61,Ypsilon Trail,40.45019,-105.69125,12865,H,,,
RMNP,62,Ypsilon Trail,40.45019,-105.69125,12865,F,,,
RMNP,63,Ypsilon Trail,40.45019,-105.69125,12865,H,,,
RMNP,64,Ypsilon Trail,40.45019,-105.69125,12865,F,,,
RMNP,65,Ypsilon Trail,40.45019,-105.69125,12865,H,,,
RMNP,66,Ypsilon Trail,40.45019,-105.69125,12865,F,,,
RMNP,67,Ypsilon Trail,40.45019,-105.69125,12865,H,,,
RMNP,68,Ypsilon Trail,40.45019,-105.69125,12865,F,,,
RMNP,69,Ypsilon Trail,40.45019,-105.69125,12865,H,,,
RMNP,70,Ypsilon Trail,40.45019,-105.69125,12865,F,,,
RMNP,71,Ypsilon Trail,40.45019,-105.69125,12865,H,,,
RMNP,72,Ypsilon Trail,40.45019,-105.69125,12865,F,,,
RMNP,73,Ypsilon Trail,40.45019,-105.69125,12865,H,,,
RMNP,74,Ypsilon Trail,40.45019,-105.69125,12865,F,,,
RMNP,75,Ypsilon Trail,40.45019,-105.69125,12865,F,,,
RMNP,76,Ypsilon Trail,40.45019,-105.69125,12865,H,,,
RMNP,77,Ypsilon Trail,40.45019,-105.69125,12865,H,,,
RMNP,78,Ypsilon Trail,40.45019,-105.69125,12865,F,,,
RMNP,79,Ypsilon Trail,40.45019,-105.69125,12865,H,,,
RMNP,80,Ypsilon Trail,40.45019,-105.69125,12865,F,,,
RMNP,81,Ypsilon Trail,40.45019,-105.69125,12865,F,,,
RMNP,82,Ypsilon Trail,40.45019,-105.69125,12865,H,,,
RMNP,83,Ypsilon Trail,40.45019,-105.69125,12865,F,,,
RMNP,84,Ypsilon Trail,40.45019,-105.69125,12865,F,,,
RMNP,85,Ypsilon Trail,40.45019,-105.69125,12865,H,,,
RMNP,86,Ypsilon Trail,40.45019,-105.69125,12865,H,,,
RMNP,87,Ypsilon Trail,40.45019,-105.69125,12865,F,,,
RMNP,88,Ypsilon Trail,40.45019,-105.69125,12865,F,,,
RMNP,89,Ypsilon Trail,40.45019,-105.69125,12865,F,,,
RMNP,90,Ypsilon Trail,40.45019,-105.69125,12865,F,,,
RMNP,91,Ypsilon Trail,40.45019,-105.69125,12865,H,,,
RMNP,92,Ypsilon Trail,40.45019,-105.69125,12865,H,,,
RMNP,93,Ypsilon Trail,40.45019,-105.69125,12865,F,,,
RMNP,94,Ypsilon Trail,40.45019,-105.69125,12865,F,,,
RMNP,95,Ypsilon Trail,40.45019,-105.69125,12865,H,,,
RMNP,96,Ypsilon Trail,40.45019,-105.69125,12865,H,,,
RMNP,97,Ypsilon Trail,40.45019,-105.69125,12865,H,,,
RMNP,98,Ypsilon Trail,40.45019,-105.69125,12865,H,,,
RMNP,99,Ypsilon Trail,40.45019,-105.69125,12865,F,,,
RMNP,100,Ypsilon Trail,40.45019,-105.69125,12865,F,,,
RMNP,101,Ypsilon Trail,40.45019,-105.69125,12865,H,,,
RMNP,102,Ypsilon Trail,40.45019,-105.69125,12865,H,,,
RMNP,103,Ypsilon Trail,40.45019,-105.69125,12865,H,,,
RMNP,104,Ypsilon Trail,40.45019,-105.69125,12865,F,,,
RMNP,105,Ypsilon Trail,40.45019,-105.69125,12865,F,,,
RMNP,106,Ypsilon Trail,40.45019,-105.69125,12865,H,,,
RMNP,107,Ypsilon Trail,40.45019,-105.69125,12865,F,,,
RMNP,108,Ypsilon Trail,40.45019,-105.69125,12865,H,,,
RMNP,109,Ypsilon Trail,40.45019,-105.69125,12865,F,,,
RMNP,110,Ypsilon Trail,40.45019,-105.69125,12865,F,,,
RMNP,111,Ypsilon Trail,40.45019,-105.69125,12865,H,,,
RMNP,112,Ypsilon Trail,40.45019,-105.69125,12865,H,,,
RMNP,113,Ypsilon Trail,40.45019,-105.69125,12865,F,,,
RMNP,114,Ypsilon Trail,40.45019,-105.69125,12865,H,,,
RMNP,115,Ypsilon Trail,40.45019,-105.69125,12865,H,,,
RMNP,116,Ypsilon Trail,40.45019,-105.69125,12865,H,,,
RMNP,117,Ypsilon Trail,40.45019,-105.69125,12865,H,,,
RMNP,118,Ypsilon Trail,40.45019,-105.69125,12865,F,,,
RMNP,119,Ypsilon Trail,40.45019,-105.69125,12865,H,,,
RMNP,120,Ypsilon Trail,40.45019,-105.69125,12865,H,,,
RMNP,121,Ypsilon Trail,40.45019,-105.69125,12865,F,,,
RMNP,122,Ypsilon Trail,40.45019,-105.69125,12865,H,,,
RMNP,123,Ypsilon Trail,40.45019,-105.69125,12865,H,,,
RMNP,124,Ypsilon Trail,40.45019,-105.69125,12865,F,,,
RMNP,125,Ypsilon Trail,40.45019,-105.69125,12865,F,,,
RMNP,126,Ypsilon Trail,40.45019,-105.69125,12865,H,,,
RMNP,127,Ypsilon Trail,40.45019,-105.69125,12865,F,,,
RMNP,128,Ypsilon Trail,40.45019,-105.69125,12865,H,,,
RMNP,129,Ypsilon Trail,40.45019,-105.69125,12865,H,,,
RMNP,130,Ypsilon Trail,40.45019,-105.69125,12865,H,,,
RMNP,131,Ypsilon Trail,40.45019,-105.69125,12865,H,,,
RMNP,132,Ypsilon Trail,40.45019,-105.69125,12865,H,,,
RMNP,133,Ypsilon Trail,40.45019,-105.69125,12865,H,,,
RMNP,134,Ypsilon Trail,40.45019,-105.69125,12865,H,,,
RMNP,135,Ypsilon Trail,40.45019,-105.69125,12865,H,,,
RMNP,136,Ypsilon Trail,40.45019,-105.69125,12865,H,,,
RMNP,137,Ypsilon Trail,40.45019,-105.69125,12865,F,,,
RMNP,138,Ypsilon Trail,40.45019,-105.69125,12865,F,,,
RMNP,139,Ypsilon Trail,40.45019,-105.69125,12865,F,,,
RMNP,140,Ypsilon Trail,40.45019,-105.69125,12865,F,,,
RMNP,141,Ypsilon Trail,40.45019,-105.69125,12865,F,,,
RMNP,142,Ypsilon Trail,40.45019,-105.69125,12865,F,,,
RMNP,143,Ypsilon Trail,40.45019,-105.69125,12865,H,,,
RMNP,144,Ypsilon Trail,40.45019,-105.69125,12865,H,,,
RMNP,145,Ypsilon Trail,40.45019,-105.69125,12865,F,,,
RMNP,146,Ypsilon Trail,40.45019,-105.69125,12865,H,,,
RMNP,147,Ypsilon Trail,40.45019,-105.69125,12865,H,,,
RMNP,148,Ypsilon Trail,40.45019,-105.69125,12865,H,,,
RMNP,149,Ypsilon Trail,40.45019,-105.69125,12865,F,,,
RMNP,150,Ypsilon Trail,40.45019,-105.69125,12865,H,,,
RMNP,151,Ypsilon Trail,40.45019,-105.69125,12865,H,,,
RMNP,152,Ypsilon Trail,40.45019,-105.69125,12865,F,,,
RMNP,153,Ypsilon Trail,40.45019,-105.69125,12865,F,,,
RMNP,154,Ypsilon Trail,40.45019,-105.69125,12865,F,,,
RMNP,155,Ypsilon Trail,40.45019,-105.69125,12865,H,,,
RMNP,156,Ypsilon Trail,40.45019,-105.69125,12865,H,,,
RMNP,157,Ypsilon Trail,40.45019,-105.69125,12865,F,,,
RMNP,158,Ypsilon Trail,40.45019,-105.69125,12865,H,,,
RMNP,159,Ypsilon Trail,40.45019,-105.69125,12865,F,,,
RMNP,160,Ypsilon Trail,40.45019,-105.69125,12865,F,,,
RMNP,161,Ypsilon Trail,40.45019,-105.69125,12865,H,,,
RMNP,162,Ypsilon Trail,40.45019,-105.69125,12865,F,,,
RMNP,163,Ypsilon Trail,40.45019,-105.69125,12865,F,,,
RMNP,164,Ypsilon Trail,40.45019,-105.69125,12865,H,,,
RMNP,165,Ypsilon Trail,40.45019,-105.69125,12865,H,,,
RMNP,166,Ypsilon Trail,40.45019,-105.69125,12865,H,,,
RMNP,167,Ypsilon Trail,40.45019,-105.69125,12865,H,,,
RMNP,168,Ypsilon Trail,40.45019,-105.69125,12865,F,,,
RMNP,169,Ypsilon Trail,40.45019,-105.69125,12865,F,,,
RMNP,170,Ypsilon Trail,40.45019,-105.69125,12865,H,,,
RMNP,171,Ypsilon Trail,40.45019,-105.69125,12865,H,,,
RMNP,172,Ypsilon Trail,40.45019,-105.69125,12865,H,,,
RMNP,173,Ypsilon Trail,40.45019,-105.69125,12865,H,,,
RMNP,174,Ypsilon Trail,40.45019,-105.69125,12865,H,,,
RMNP,175,Ypsilon Trail,40.45019,-105.69125,12865,H,,,
RMNP,176,Ypsilon Trail,40.45019,-105.69125,12865,H,,,
RMNP,177,Ypsilon Trail,40.45019,-105.69125,12865,H,,,
RMNP,178,Ypsilon Trail,40.45019,-105.69125,12865,H,,,
RMNP,179,Ypsilon Trail,40.45019,-105.69125,12865,H,,,
RMNP,180,Ypsilon Trail,40.45019,-105.69125,12865,H,,,
RMNP,181,Ypsilon Trail,40.45019,-105.69125,12865,F,,,
RMNP,182,Ypsilon Trail,40.45019,-105.69125,12865,H,,,
RMNP,183,Ypsilon Trail,40.45019,-105.69125,12865,H,,,
RMNP,184,Ypsilon Trail,40.45019,-105.69125,12865,H,,,
RMNP,185,Ypsilon Trail,40.45019,-105.69125,12865,F,,,
RMNP,186,Ypsilon Trail,40.45019,-105.69125,12865,F,,,
RMNP,187,Ypsilon Trail,40.45019,-105.69125,12865,H,,,
RMNP,188,Ypsilon Trail,40.45019,-105.69125,12865,H,,,
RMNP,189,Ypsilon Trail,40.45019,-105.69125,12865,H,,,
RMNP,190,Ypsilon Trail,40.45019,-105.69125,12865,H,,,
RMNP,191,Ypsilon Trail,40.45019,-105.69125,12865,F,,,
RMNP,192,Ypsilon Trail,40.45019,-105.69125,12865,H,,,
RMNP,193,Ypsilon Trail,40.45019,-105.69125,12865,H,,,
RMNP,194,Ypsilon Trail,40.45019,-105.69125,12865,H,,,
RMNP,195,Ypsilon Trail,40.45019,-105.69125,12865,H,,,
RMNP,196,Ypsilon Trail,40.45019,-105.69125,12865,H,,,
RMNP,197,Ypsilon Trail,40.45019,-105.69125,12865,H,,,
RMNP,198,Ypsilon Trail,40.45019,-105.69125,12865,F,,,
RMNP,199,Ypsilon Trail,40.45019,-105.69125,12865,F,,,
RMNP,200,Ypsilon Trail,40.45019,-105.69125,12865,F,,,
RMNP,1,Chiquita Trail,40.44218,-105.69795,12515,H,,,
RMNP,2,Chiquita Trail,40.44218,-105.69795,12515,F,,,
RMNP,3,Chiquita Trail,40.44218,-105.69795,12515,H,,,
RMNP,4,Chiquita Trail,40.44218,-105.69795,12515,H,,,
RMNP,5,Chiquita Trail,40.44218,-105.69795,12515,F,,,
RMNP,6,Chiquita Trail,40.44218,-105.69795,12515,H,,,
RMNP,7,Chiquita Trail,40.44218,-105.69795,12515,F,,,
RMNP,8,Chiquita Trail,40.44218,-105.69795,12515,H,,,
RMNP,9,Chiquita Trail,40.44218,-105.69795,12515,H,,,
RMNP,10,Chiquita Trail,40.44218,-105.69795,12515,H,,,
RMNP,11,Chiquita Trail,40.44218,-105.69795,12515,F,,,
RMNP,12,Chiquita Trail,40.44218,-105.69795,12515,H,,,
RMNP,13,Chiquita Trail,40.44218,-105.69795,12515,F,,,
RMNP,14,Chiquita Trail,40.44218,-105.69795,12515,F,,,
RMNP,15,Chiquita Trail,40.44218,-105.69795,12515,F,,,
RMNP,16,Chiquita Trail,40.44218,-105.69795,12515,H,,,
RMNP,17,Chiquita Trail,40.44218,-105.69795,12515,F,,,
RMNP,18,Chiquita Trail,40.44218,-105.69795,12515,H,,,
RMNP,19,Chiquita Trail,40.44218,-105.69795,12515,H,,,
RMNP,20,Chiquita Trail,40.44218,-105.69795,12515,H,,,
RMNP,21,Chiquita Trail,40.44218,-105.69795,12515,F,,,
RMNP,22,Chiquita Trail,40.44218,-105.69795,12515,H,,,
RMNP,23,Chiquita Trail,40.44218,-105.69795,12515,H,,,
RMNP,24,Chiquita Trail,40.44218,-105.69795,12515,H,,,
RMNP,25,Chiquita Trail,40.44218,-105.69795,12515,H,,,
RMNP,26,Chiquita Trail,40.44218,-105.69795,12515,H,,,
RMNP,27,Chiquita Trail,40.44218,-105.69795,12515,H,,,
RMNP,28,Chiquita Trail,40.44218,-105.69795,12515,H,,,
RMNP,29,Chiquita Trail,40.44218,-105.69795,12515,H,,,
RMNP,30,Chiquita Trail,40.44218,-105.69795,12515,F,,,
RMNP,31,Chiquita Trail,40.44218,-105.69795,12515,H,,,
RMNP,32,Chiquita Trail,40.44218,-105.69795,12515,F,,,
RMNP,33,Chiquita Trail,40.44218,-105.69795,12515,F,,,
RMNP,34,Chiquita Trail,40.44218,-105.69795,12515,F,,,
RMNP,35,Chiquita Trail,40.44218,-105.69795,12515,F,,,
RMNP,36,Chiquita Trail,40.44218,-105.69795,12515,H,,,
RMNP,37,Chiquita Trail,40.44218,-105.69795,12515,H,,,
RMNP,38,Chiquita Trail,40.44218,-105.69795,12515,H,,,
RMNP,39,Chiquita Trail,40.44218,-105.69795,12515,H,,,
RMNP,40,Chiquita Trail,40.44218,-105.69795,12515,H,,,
RMNP,41,Chiquita Trail,40.44218,-105.69795,12515,F,,,
RMNP,42,Chiquita Trail,40.44218,-105.69795,12515,F,,,
RMNP,43,Chiquita Trail,40.44218,-105.69795,12515,H,,,
RMNP,44,Chiquita Trail,40.44218,-105.69795,12515,H,,,
RMNP,45,Chiquita Trail,40.44218,-105.69795,12515,H,,,
RMNP,46,Chiquita Trail,40.44218,-105.69795,12515,F,,,
RMNP,47,Chiquita Trail,40.44218,-105.69795,12515,F,,,
RMNP,48,Chiquita Trail,40.44218,-105.69795,12515,H,,,
RMNP,49,Chiquita Trail,40.44218,-105.69795,12515,F,,,
RMNP,50,Chiquita Trail,40.44218,-105.69795,12515,H,,,
RMNP,51,Chiquita Trail,40.44218,-105.69795,12515,H,,,
RMNP,52,Chiquita Trail,40.44218,-105.69795,12515,F,,,
RMNP,53,Chiquita Trail,40.44218,-105.69795,12515,H,,,
RMNP,54,Chiquita Trail,40.44218,-105.69795,12515,H,,,
RMNP,55,Chiquita Trail,40.44218,-105.69795,12515,H,,,
RMNP,56,Chiquita Trail,40.44218,-105.69795,12515,H,,,
RMNP,57,Chiquita Trail,40.44218,-105.69795,12515,H,,,
RMNP,58,Chiquita Trail,40.44218,-105.69795,12515,H,,,
RMNP,59,Chiquita Trail,40.44218,-105.69795,12515,H,,,
RMNP,60,Chiquita Trail,40.44218,-105.69795,12515,H,,,
RMNP,61,Chiquita Trail,40.44218,-105.69795,12515,H,,,
RMNP,62,Chiquita Trail,40.44218,-105.69795,12515,F,,,
RMNP,63,Chiquita Trail,40.44218,-105.69795,12515,F,,,
RMNP,64,Chiquita Trail,40.44218,-105.69795,12515,H,,,
RMNP,65,Chiquita Trail,40.44218,-105.69795,12515,H,,,
RMNP,66,Chiquita Trail,40.44218,-105.69795,12515,H,,,
RMNP,67,Chiquita Trail,40.44218,-105.69795,12515,H,,,
RMNP,68,Chiquita Trail,40.44218,-105.69795,12515,H,,,
RMNP,69,Chiquita Trail,40.44218,-105.69795,12515,F,,,
RMNP,70,Chiquita Trail,40.44218,-105.69795,12515,H,,,
RMNP,71,Chiquita Trail,40.44218,-105.69795,12515,H,,,
RMNP,72,Chiquita Trail,40.44218,-105.69795,12515,H,,,
RMNP,73,Chiquita Trail,40.44218,-105.69795,12515,H,,,
RMNP,74,Chiquita Trail,40.44218,-105.69795,12515,F,,,
RMNP,75,Chiquita Trail,40.44218,-105.69795,12515,F,,,
RMNP,76,Chiquita Trail,40.44218,-105.69795,12515,H,,,
RMNP,77,Chiquita Trail,40.44218,-105.69795,12515,H,,,
RMNP,78,Chiquita Trail,40.44218,-105.69795,12515,F,,,
RMNP,79,Chiquita Trail,40.44218,-105.69795,12515,H,,,
RMNP,80,Chiquita Trail,40.44218,-105.69795,12515,H,,,
RMNP,81,Chiquita Trail,40.44218,-105.69795,12515,F,,,
RMNP,82,Chiquita Trail,40.44218,-105.69795,12515,F,,,
RMNP,83,Chiquita Trail,40.44218,-105.69795,12515,H,,,
RMNP,84,Chiquita Trail,40.44218,-105.69795,12515,H,,,
RMNP,85,Chiquita Trail,40.44218,-105.69795,12515,H,,,
RMNP,86,Chiquita Trail,40.44218,-105.69795,12515,H,,,
RMNP,87,Chiquita Trail,40.44218,-105.69795,12515,H,,,
RMNP,88,Chiquita Trail,40.44218,-105.69795,12515,H,,,
RMNP,89,Chiquita Trail,40.44218,-105.69795,12515,F,,,
RMNP,90,Chiquita Trail,40.44218,-105.69795,12515,F,,,
RMNP,91,Chiquita Trail,40.44218,-105.69795,12515,H,,,
RMNP,92,Chiquita Trail,40.44218,-105.69795,12515,H,Low,Y,Full plant in anther smut
RMNP,93,Chiquita Trail,40.44218,-105.69795,12515,H,,,
RMNP,94,Chiquita Trail,40.44218,-105.69795,12515,H,,,
RMNP,95,Chiquita Trail,40.44218,-105.69795,12515,H,,,
RMNP,96,Chiquita Trail,40.44218,-105.69795,12515,H,,,
RMNP,97,Chiquita Trail,40.44218,-105.69795,12515,F,,,
RMNP,98,Chiquita Trail,40.44218,-105.69795,12515,F,,,
RMNP,99,Chiquita Trail,40.44218,-105.69795,12515,H,,,
RMNP,100,Chiquita Trail,40.44218,-105.69795,12515,H,,,
RMNP,101,Chiquita Trail,40.44218,-105.69795,12515,H,,,
RMNP,102,Chiquita Trail,40.44218,-105.69795,12515,H,,,
RMNP,103,Chiquita Trail,40.44218,-105.69795,12515,F,,,
RMNP,104,Chiquita Trail,40.44218,-105.69795,12515,H,,,
RMNP,105,Chiquita Trail,40.44218,-105.69795,12515,H,,,
RMNP,106,Chiquita Trail,40.44218,-105.69795,12515,H,,,
RMNP,107,Chiquita Trail,40.44218,-105.69795,12515,H,,,
RMNP,108,Chiquita Trail,40.44218,-105.69795,12515,F,,,
RMNP,109,Chiquita Trail,40.44218,-105.69795,12515,H,,,
RMNP,110,Chiquita Trail,40.44218,-105.69795,12515,H,,,
RMNP,111,Chiquita Trail,40.44218,-105.69795,12515,H,,,
RMNP,112,Chiquita Trail,40.44218,-105.69795,12515,H,,,
RMNP,113,Chiquita Trail,40.44218,-105.69795,12515,H,,,
RMNP,114,Chiquita Trail,40.44218,-105.69795,12515,H,,,
RMNP,115,Chiquita Trail,40.44218,-105.69795,12515,H,,,
RMNP,116,Chiquita Trail,40.44218,-105.69795,12515,F,,,
RMNP,117,Chiquita Trail,40.44218,-105.69795,12515,F,,,
RMNP,118,Chiquita Trail,40.44218,-105.69795,12515,H,,,
RMNP,119,Chiquita Trail,40.44218,-105.69795,12515,H,,,
RMNP,120,Chiquita Trail,40.44218,-105.69795,12515,H,,,
RMNP,121,Chiquita Trail,40.44218,-105.69795,12515,H,,,
RMNP,122,Chiquita Trail,40.44218,-105.69795,12515,H,,,
RMNP,123,Chiquita Trail,40.44218,-105.69795,12515,H,,,
RMNP,124,Chiquita Trail,40.44218,-105.69795,12515,H,,,
RMNP,125,Chiquita Trail,40.44218,-105.69795,12515,H,,,
RMNP,126,Chiquita Trail,40.44218,-105.69795,12515,H,,,
RMNP,127,Chiquita Trail,40.44218,-105.69795,12515,F,,,
RMNP,128,Chiquita Trail,40.44218,-105.69795,12515,F,,,
RMNP,129,Chiquita Trail,40.44218,-105.69795,12515,H,,,
RMNP,130,Chiquita Trail,40.44218,-105.69795,12515,H,,,
RMNP,131,Chiquita Trail,40.44218,-105.69795,12515,F,,,
RMNP,132,Chiquita Trail,40.44218,-105.69795,12515,H,,,
RMNP,133,Chiquita Trail,40.44218,-105.69795,12515,H,,,
RMNP,134,Chiquita Trail,40.44218,-105.69795,12515,H,,,
RMNP,135,Chiquita Trail,40.44218,-105.69795,12515,H,,,
RMNP,136,Chiquita Trail,40.44218,-105.69795,12515,F,,,
RMNP,137,Chiquita Trail,40.44218,-105.69795,12515,H,,,
RMNP,138,Chiquita Trail,40.44218,-105.69795,12515,H,,,
RMNP,139,Chiquita Trail,40.44218,-105.69795,12515,F,,,
RMNP,140,Chiquita Trail,40.44218,-105.69795,12515,H,,,
RMNP,141,Chiquita Trail,40.44218,-105.69795,12515,F,,,
RMNP,142,Chiquita Trail,40.44218,-105.69795,12515,H,,,
RMNP,143,Chiquita Trail,40.44218,-105.69795,12515,F,,,
RMNP,144,Chiquita Trail,40.44218,-105.69795,12515,F,,,
RMNP,145,Chiquita Trail,40.44218,-105.69795,12515,F,,,
RMNP,146,Chiquita Trail,40.44218,-105.69795,12515,F,,,
RMNP,147,Chiquita Trail,40.44218,-105.69795,12515,H,,,
RMNP,148,Chiquita Trail,40.44218,-105.69795,12515,H,,,
RMNP,149,Chiquita Trail,40.44218,-105.69795,12515,H,,,
RMNP,150,Chiquita Trail,40.44218,-105.69795,12515,H,,,
RMNP,151,Chiquita Trail,40.44218,-105.69795,12515,H,,,
RMNP,152,Chiquita Trail,40.44218,-105.69795,12515,H,,,
RMNP,153,Chiquita Trail,40.44218,-105.69795,12515,F,,,
RMNP,154,Chiquita Trail,40.44218,-105.69795,12515,H,,,
RMNP,155,Chiquita Trail,40.44218,-105.69795,12515,H,,,
RMNP,156,Chiquita Trail,40.44218,-105.69795,12515,F,,,
RMNP,157,Chiquita Trail,40.44218,-105.69795,12515,F,,,
RMNP,158,Chiquita Trail,40.44218,-105.69795,12515,F,,,
RMNP,159,Chiquita Trail,40.44218,-105.69795,12515,F,,,
RMNP,160,Chiquita Trail,40.44218,-105.69795,12515,H,,,
RMNP,161,Chiquita Trail,40.44218,-105.69795,12515,H,,,
RMNP,162,Chiquita Trail,40.44218,-105.69795,12515,F,,,
RMNP,163,Chiquita Trail,40.44218,-105.69795,12515,F,,,
RMNP,164,Chiquita Trail,40.44218,-105.69795,12515,H,,,
RMNP,165,Chiquita Trail,40.44218,-105.69795,12515,F,,,
RMNP,166,Chiquita Trail,40.44218,-105.69795,12515,F,,,
RMNP,167,Chiquita Trail,40.44218,-105.69795,12515,F,,,
RMNP,168,Chiquita Trail,40.44218,-105.69795,12515,H,,,
RMNP,169,Chiquita Trail,40.44218,-105.69795,12515,F,,,
RMNP,170,Chiquita Trail,40.44218,-105.69795,12515,H,,,
RMNP,171,Chiquita Trail,40.44218,-105.69795,12515,H,,,
RMNP,172,Chiquita Trail,40.44218,-105.69795,12515,F,,,
RMNP,173,Chiquita Trail,40.44218,-105.69795,12515,H,,,
RMNP,174,Chiquita Trail,40.44218,-105.69795,12515,H,,,
RMNP,175,Chiquita Trail,40.44218,-105.69795,12515,H,,,
RMNP,176,Chiquita Trail,40.44218,-105.69795,12515,H,,,
RMNP,177,Chiquita Trail,40.44218,-105.69795,12515,H,,,
RMNP,178,Chiquita Trail,40.44218,-105.69795,12515,H,,,
RMNP,179,Chiquita Trail,40.44218,-105.69795,12515,H,,,
RMNP,180,Chiquita Trail,40.44218,-105.69795,12515,H,,,
RMNP,181,Chiquita Trail,40.44218,-105.69795,12515,H,,,
RMNP,182,Chiquita Trail,40.44218,-105.69795,12515,F,,,
RMNP,183,Chiquita Trail,40.44218,-105.69795,12515,H,,,
RMNP,184,Chiquita Trail,40.44218,-105.69795,12515,F,,,
RMNP,185,Chiquita Trail,40.44218,-105.69795,12515,H,,,
RMNP,186,Chiquita Trail,40.44218,-105.69795,12515,H,,,
RMNP,187,Chiquita Trail,40.44218,-105.69795,12515,F,,,
RMNP,188,Chiquita Trail,40.44218,-105.69795,12515,H,,,
RMNP,189,Chiquita Trail,40.44218,-105.69795,12515,H,,,
RMNP,190,Chiquita Trail,40.44218,-105.69795,12515,H,,,
RMNP,191,Chiquita Trail,40.44218,-105.69795,12515,F,,,
RMNP,192,Chiquita Trail,40.44218,-105.69795,12515,H,,,
RMNP,193,Chiquita Trail,40.44218,-105.69795,12515,H,,,
RMNP,194,Chiquita Trail,40.44218,-105.69795,12515,H,,,
RMNP,195,Chiquita Trail,40.44218,-105.69795,12515,F,,,
RMNP,196,Chiquita Trail,40.44218,-105.69795,12515,F,,,
RMNP,197,Chiquita Trail,40.44218,-105.69795,12515,H,,,
RMNP,198,Chiquita Trail,40.44218,-105.69795,12515,H,,,
RMNP,199,Chiquita Trail,40.44218,-105.69795,12515,F,,,
RMNP,200,Chiquita Trail,40.44218,-105.69795,12515,F,,,
RMNP,201,Chiquita Trail,40.44218,-105.69795,12515,H,,,
RMNP,202,Chiquita Trail,40.44218,-105.69795,12515,H,,,
