Plant#,Plant_ID,Site,Elevation,Anthers,Style,Sex,Certainty,Notes,Image_File,Flower#
,Sn,PH1,11489,,,,,,,
,Mn,PH1,11489,,,,,,,
,Sn,PH1,11489,,,F,,,,
,Sn,PH1,11489,,,F,,,,
,Mn,PH1,11489,,,H,,,,
,Mn,PH1,11489,,,,,,,
,Mn,PH1,11489,,,,,,,
,Ph,PH1,11489,,,,,,,
,Mn,PH1,11489,,,H,,,,
,Sn,PH1,11489,,,H,,,,
,Mn,PH1,11489,,,,,,,
,Mn,PH1,11489,,,,,,,
,Sn,PH1,11489,,,H,,,,
,Mn,PH1,11489,,,H,,,,
,Sn,PH1,11489,,,H,,,,
,Mn,PH1,11489,,,,,,,
,Mn,PH1,11489,,,,,,,
,Mn,PH1,11489,,,F,,,,
,Ph,PH1,11489,,,,,,,
,Mn,PH1,11489,,,,,,,
,Mn,PH1,11489,,,H,,,,
,Mn,PH1,11489,,,,,,,
,Sn,PH1,11489,,,,,,,
,Sn,PH1,11489,,,H,,,,
,Sn,PH1,11489,,,,,,,
,Mn,PH1,11489,,,H,,,,
,Sn,PH1,11489,,,H,,,,
,Sn,PH1,11489,,,F?,,,,
,Sn,PH1,11489,,,H,,,,
,Mn,PH1,11489,,,H,,,,
,Sn,PH1,11489,,,,,,,
,Ph,PH1,11489,,,,,,,
,Sn,PH1,11489,,,F,,,,
,Sn,PH1,11489,,,,,,,
,Ph,PH1,11489,,,,,,,
,Sn,PH1,11489,,,H,,,,
,Sn,PH1,11489,,,F,,,,
,Sn,PH1,11489,,,H,,,,
,Mn,PH1,11489,,,H,,,,
,Ph,PH1,11489,,,,,,,
,Mn,PH1,11489,,,H,,,,
,Mn,PH1,11489,,,,,,,
,Ph,PH1,11489,,,,,,,
,Mn,PH1,11489,,,H,,,,
,Mn,PH1,11489,,,H,,,,
,Ph,PH1,11489,,,,,,,
,Ph,PH1,11489,,,,,,,
,Ph,PH1,11489,,,,,,,
,Sn,PH1,11489,,,H,,,,
,Mn,PH1,11489,,,H,,,,
,Sn,PH1,11489,,,H,,,,
,Sn,PH1,11489,,,H,,,,
,Sn,PH1,11489,,,H,,,,
,Sn,PH1,11489,,,H,,,,
,Mn,PH1,11489,,,H,,,,
,Mn,PH1,11489,,,H,,,,
,Mn,PH1,11489,,,,,,,
,Mn,PH1,11489,,,H,,,,
,Mn,PH1,11489,,,,,,,
,Mn,PH1,11489,,,,,,,
,Ph,PH1,11489,,,,,,,
,Mn,PH1,11489,,,H,,,,
,Mn,PH1,11489,,,,,,,
,Mn,PH1,11489,,,H,,,,
,Mn,PH1,11489,,,,,,,
,Mn,PH1,11489,,,,,,,
,Mn,PH1,11489,,,,,,,
,Mn,PH1,11489,,,,,,,
,Mn,PH1,11489,,,,,,,
,Mn,PH1,11489,,,,,,,
,Mn,PH1,11489,,,H,,,,
,Mn,PH1,11489,,,,,,,
,Mn,PH1,11489,,,H,,,,
,Mn,PH1,11489,,,,,,,
,Ph,PH1,11489,,,,,,,
,Sn,PH1,11489,,,,,,,
,Mn,PH1,11489,,,H,,,,
,Mn,PH1,11489,,,,,,,
,Mn,PH1,11489,,,H,,,,
,Mn,PH1,11489,,,,,,,
,Sn,PH1,11489,,,H,,,,
,Ph,PH1,11489,,,,,,,
,Sn,PH1,11489,,,,,,,
,Ph,PH1,11489,,,,,,,
,Mn,PH1,11489,,,H,,,,
,Sn,PH1,11489,,,,,,,
,Sn,PH1,11489,,,,,,,
,Ph,PH1,11489,,,,,,,
,Sn,PH1,11489,,,,,,,
,Mn,PH1,11489,,,H,,,,
,Sn,PH1,11489,,,H,,,,
,Mn,PH1,11489,,,H,,,,
,Ph,PH1,11489,,,,,,,
,Mn,PH1,11489,,,H,,,,
,Mn,PH1,11489,,,,,,,
,Sn,PH1,11489,,,F,,,,
,Sn,PH1,11489,,,H,,,,
,Ph,PH1,11489,,,,,,,
,Mn,PH1,11489,,,H,,,,
,Sn,PH1,11489,,,F,,,,
,Ph,PH1,11489,,,,,,,
,Ph,PH1,11489,,,,,,,
,Mn,PH1,11489,,,H,,,,
,Sn,PH1,11489,,,H,,,,
,Sn,PH1,11489,,,H,,,,
,Sn,PH1,11489,,,H,,,,
,Ph,PH1,11489,,,,,,,
,Ph,PH1,11489,,,,,,,
,Ph,PH1,11489,,,,,,,
,Ph,PH1,11489,,,,,,,
,Ph,PH1,11489,,,,,,,
,Ph,PH1,11489,,,,,,,
,Ph,PH1,11489,,,,,,,
,Ph,PH1,11489,,,,,,,
,Ph,PH1,11489,,,,,,,
,Ph,PH1,11489,,,,,,,
,Ph,PH1,11489,,,,,,,
,Ph,PH1,11489,,,,,,,
,Sn,PH1,11489,,,F,,,,
,Ph,PH1,11489,,,,,,,
,Ph,PH1,11489,,,,,,,
,Ph,PH1,11489,,,,,,,
,Ph,PH1,11489,,,,,,,
,Sn,PH1,11489,,,H,,,,
,Ph,PH1,11489,,,,,,,
,Ph,PH1,11489,,,,,,,
,Ph,PH1,11489,,,,,,,
,Ph,PH1,11489,,,,,,,
,Mn,PH1,11489,,,H,,,,
,Ph,PH1,11489,,,,,,,
,Ph,PH1,11489,,,,,,,
,Mn,PH1,11489,,,H,,,,
,Mn,PH1,11489,,,H,,,,
,Sn,PH1,11489,,,,,,,
,Ph,PH1,11489,,,,,,,
,Sn,PH1,11489,,,H,,,,
,Sn,PH1,11489,,,H,,,,
,Sn,PH1,11489,,,,,,,
,Ph,PH1,11489,,,,,,,
,Ph,PH1,11489,,,,,,,
,Ph,PH1,11489,,,,,,,
,Ph,PH1,11489,,,,,,,
,Sn,PH1,11489,,,,,,,
,Sn,PH1,11489,,,,,,,
,Mn,PH1,11489,,,,,,,
,Ph,PH1,11489,,,,,,,
,Mn,PH1,11489,,,H,,,,
,Ph,PH1,11489,,,,,,,
,Mn,PH1,11489,,,,,,,
,Sn,PH1,11489,,,,,,,
,Ph,PH1,11489,,,,,,,
,Sn,PH1,11489,,,,,,,
,Mn,PH1,11489,,,,,,,
,Sn,PH1,11489,,,,,,,
,Mn,PH1,11489,,,,,,,
,Mn,PH1,11489,,,,,,,
,Mn,PH1,11489,,,,,,,
,Mn,PH1,11489,,,,,,,
,Sn,PH1,11489,,,H,,,,
,Mn,PH1,11489,,,H,,,,
,Mn,PH1,11489,,,,,,,
,Ph,PH1,11489,,,,,,,
,Mn,PH1,11489,,,,,,,
,Mn,PH1,11489,,,H,,,,
,Sn,PH1,11489,,,H,,,,
,Mn,PH1,11489,,,,,,,
,Mn,PH1,11489,,,F?,,,,
,Ph,PH1,11489,,,,,,,
,Mn,PH1,11489,,,H,,,,
,Mn,PH1,11489,,,,,,,
,Mn,PH1,11489,,,,,,,
,Sn,PH1,11489,,,,,,,
,Mn,PH1,11489,,,H,,,,
,Mn,PH1,11489,,,H,,,,
,Mn,PH1,11489,,,H,,,,
,Mn,PH1,11489,,,H,,,,
,Ph,PH1,11489,,,,,,,
,Mn,PH1,11489,,,F,,,,
,Mn,PH1,11489,,,H,,,,
,Ph,PH1,11489,,,,,,,
,Ph,PH1,11489,,,,,,,
,Ph,PH1,11489,,,,,,,
,Ph,PH1,11489,,,,,,,
,Ph,PH1,11489,,,,,,,
,Ph,PH1,11489,,,,,,,
,Mn,PH1,11489,,,H,,,,
,Ph,PH1,11489,,,,,,,
,Ph,PH1,11489,,,H,,,,
,Mn,PH1,11489,,,H,,,,
,Mn,PH1,11489,,,,,,,
,Ph,PH1,11489,,,,,,,
,Ph,PH1,11489,,,,,,,
,Ph,PH1,11489,,,,,,,
,Ph,PH1,11489,,,,,,,
,Mn,PH1,11489,,,,,,,
,Ph,PH1,11489,,,,,,,
,Ph,PH1,11489,,,,,,,
,Ph,PH1,11489,,,,,,,
,Sn,PH1,11489,,,,,,,
,Ph,PH1,11489,,,,,,,
,Ph,PH1,11489,,,,,,,
,Ph,PH1,11489,,,,,,,
,Ph,PH1,11489,,,,,,,
,Ph,PH1,11489,,,,,,,
,Mn,PH1,11489,,,H,,,,
,Ph,PH1,11489,,,,,,,
,Ph,PH1,11489,,,,,,,
,Ph,PH1,11489,,,,,,,
,Mn,PH1,11489,,,,,,,
,Ph,PH1,11489,,,,,,,
,Ph,PH1,11489,,,,,,,
,Ph,PH1,11489,,,,,,,
,Mn,PH1,11489,,,H,,,,
,Mn,PH1,11489,,,H,,,,
,Ph,PH1,11489,,,,,,,
,Sn,PH1,11489,,,,,,,
,Ph,PH1,11489,,,,,,,
,Ph,PH1,11489,,,,,,,
,Mn,PH1,11489,,,H,,,,
,Ph,PH1,11489,,,,,,,
,Ph,PH1,11489,,,,,,,
,Mn,PH1,11489,,,H,,,,
,Sn,PH1,11489,,,H,,,,
,Ph,PH1,11489,,,,,,,
,Ph,PH1,11489,,,,,,,
,Mn,PH1,11489,,,,,,,
,Ph,PH1,11489,,,,,,,
,Mn,PH1,11489,,,H,,,,
,Sn,PH1,11489,,,F,,,,
,Ph,PH1,11489,,,,,,,
,Ph,PH1,11489,,,,,,,
,Ph,PH1,11489,,,,,,,
,Ph,PH1,11489,,,,,,,
,Mn,PH1,11489,,,H,,,,
,Ph,PH1,11489,,,,,,,
,Mn,PH1,11489,,,,,,,
,Mn,PH1,11489,,,,,,,
,Mn,PH1,11489,,,H,,,,
,Mn,PH1,11489,,,,,,,
,Ph,PH1,11489,,,,,,,
,Ph,PH1,11489,,,,,,,
,Mn,PH1,11489,,,H,,,,
,Sn,PH1,11489,,,F,,,,
,Ph,PH1,11489,,,,,,,
,Ph,PH1,11489,,,,,,,
,Ph,PH1,11489,,,,,,,
,Ph,PH1,11489,,,,,,,
,Mn,PH1,11489,,,,,,,
,Sn,PH1,11489,,,,,,,
,Sn,PH1,11489,,,F,,,,
,Mn,PH1,11489,,,H,,,,
,Mn,PH1,11489,,,H,,,,
,Mn,PH1,11489,,,,,,,
,Ph,PH1,11489,,,,,,,
,Sn,PH1,11489,,,H,,,,
,Mn,PH1,11489,,,,,,,
,Sn,PH1,11489,,,,,,,
,Ph,PH1,11489,,,,,,,
,Sn,PH1,11489,,,H,,,,
,Sn,PH1,11489,,,H,,,,
,Mn,PH1,11489,,,H,,,,
,Mn,PH1,11489,,,,,,,
,Sn,PH1,11489,,,F,,,,
,Mn,PH1,11489,,,H,,,,
,Sn,PH1,11489,,,,,,,
,Sn,PH1,11489,,,H,,,,
,Ph,PH1,11489,,,,,,,
,Sn,PH1,11489,,,,,,,
,Mn,PH1,11489,,,H,,,,
,Mn,PH1,11489,,,H,,,,
,Ph,PH1,11489,,,,,,,
,Ph,PH1,11489,,,,,,,
,Mn,PH1,11489,,,H,,,,
,Ph,PH1,11489,,,,,,,
,Mn,PH1,11489,,,H,,,,
,Mn,PH1,11489,,,H,,,,
,Ph,PH1,11489,,,,,,,
,Ph,PH1,11489,,,,,,,
,Mn,PH1,11489,,,,,,,
,Sn,PH1,11489,,,H,,,,
,Mn,PH1,11489,,,H,,,,
,Sn,PH1,11489,,,H,,,,
,Sn,PH1,11489,,,F,,,,
,Mn,PH1,11489,,,,,,,
,Mn,PH1,11489,,,H,,,,
,Mn,PH1,11489,,,,,,,
,Mn,PH1,11489,,,H,,,,
,Mn,PH1,11489,,,H,,,,
,Mn,PH1,11489,,,F?,,,,
,Mn,PH1,11489,,,H,,,,
,Sn,PH1,11489,,,F,,,,
,Mn,PH1,11489,,,,,,,
,Sn,PH1,11489,,,H,,,,
,Mn,PH1,11489,,,,,,,
,Mn,PH1,11489,,,H,,,,
,Mn,PH1,11489,,,H,,,,
,Sn,PH1,11489,,,H,,,,
,Sn,PH1,11489,,,F,,,,
,Sn,PH1,11489,,,H,,,,
,Sn,PH1,11489,,,H,,,,
,Mn,PH1,11489,,,,,,,
,Sn,PH1,11489,,,H,,,,
,Sn,PH1,11489,,,H?,,,,
,Sn,PH1,11489,,,F,,,,
,Sn,PH1,11489,,,F,,,,
,Sn,PH1,11489,,,F,,,,
,Mn,PH1,11489,,,,,,,
,Sn,PH1,11489,,,F,,,,
,Sn,PH1,11489,,,H,,,,
,Mn,PH1,11489,,,H,,,,
,Mn,PH1,11489,,,,,,,
,Sn,PH1,11489,,,,,,,
,Mn,PH1,11489,,,H,,,,
,Mn,PH1,11489,,,H,,,,
,Sn,PH1,11489,,,H,,,,
,Sn,PH1,11489,,,H,,,,
,Mn,PH1,11489,,,H,,,,
,Ph,PH1,11489,,,,,,,
,Mn,PH1,11489,,,H,,,,
,Mn,PH1,11489,,,,,,,
,Mn,PH1,11489,,,,,,,
,Sn,PH1,11489,,,H,,,,
,Sn,PH1,11489,,,H,,,,
,Sn,PH1,11489,,,,,,,
,Mn,PH1,11489,,,,,,,
,Mn,PH1,11489,,,,,,,
,Mn,PH1,11489,,,H,,,,
,Mn,PH1,11489,,,H,,,,
,Mn,PH1,11489,,,,,,,
,Sn,PH1,11489,,,,,,,
,Mn,PH1,11489,,,H,,,,
,Mn,PH1,11489,,,H,,,,
,Mn,PH1,11489,,,H,,,,
,Mn,PH1,11489,,,,,,,
,Mn,PH1,11489,,,H,,,,
,Mn,PH1,11489,,,H,,,,
,Sn,PH1,11489,,,,,,,
,Mn,PH1,11489,,,,,,,
,Sn,PH1,11489,,,F,,,,
,Mn,PH1,11489,,,H,,,,
,Sn,PH1,11489,,,H,,,,
,Mn,PH1,11489,,,,,,,
,Mn,PH1,11489,,,H,,,,
,Mn,PH1,11489,,,,,,,
,Ph,PH1,11489,,,,,,,
,Mn,PH1,11489,,,,,,,
,Mn,PH1,11489,,,,,,,
,Ph,PH1,11489,,,,,,,
,Ph,PH1,11489,,,,,,,
,Mn,PH1,11489,,,H,,,,
,Mn,PH1,11489,,,,,,,
,Mn,PH1,11489,,,H,,,,
,Mn,PH1,11489,,,H,,,,
,Mn,PH1,11489,,,,,,,
,Mn,PH1,11489,,,,,,,
,Mn,PH1,11489,,,H,,,,
,Mn,PH1,11489,,,,,,,
,Mn,PH1,11489,,,,,,,
,Sn,PH1,11489,,,,,,,
,Mn,PH1,11489,,,F?,,,,
,Mn,PH1,11489,,,,,,,
,Sn,PH1,11489,,,,,,,
,Mn,PH1,11489,,,F,,,,
,Sn,PH1,11489,,,,,,,
,Mn,PH1,11489,,,,,,,
,Mn,PH1,11489,,,H?,,,,
,Mn,PH1,11489,,,H,,,,
,Sn,PH1,11489,,,,,,,
,Mn,PH1,11489,,,,,,,
,Sn,PH1,11489,,,,,,,
,Mn,PH1,11489,,,H,,,,
,Sn,PH1,11489,,,,,,,
,Mn,PH1,11489,,,H,,,,
,Mn,PH1,11489,,,,,,,
,Mn,PH1,11489,,,,,,,
,Mn,PH1,11489,,,,,,,
,Mn,PH1,11489,,,H,,,,
,Mn,PH1,11489,,,F,,,,
,Ph,PH1,11489,,,,,,,
,Ph,PH1,11489,,,,,,,
,Mn,PH1,11489,,,,,,,
,Mn,PH1,11489,,,H,,,,
,Mn,PH1,11489,,,H,,,,
,Mn,PH1,11489,,,,,,,
,Mn,PH1,11489,,,,,,,
,Ph,PH1,11489,,,,,,,
,Ph,PH1,11489,,,,,,,
,Ph,PH1,11489,,,,,,,
,Sn,PH1,11489,,,,,,,
,Ph,PH1,11489,,,,,,,
,Ph,PH1,11489,,,,,,,
,Ph,PH1,11489,,,,,,,
,Sn,PH1,11489,,,F,,,,
,Ph,PH1,11489,,,,,,,
,Sn,PH1,11489,,,F,,,,
,Ph,PH1,11489,,,,,,,
,Ph,PH1,11489,,,,,,,
,Sn,PH1,11489,,,H,,,,
,Ph,PH1,11489,,,,,,,
,Mn,PH1,11489,,,H,,,,
,Ph,PH1,11489,,,,,,,
,Ph,PH1,11489,,,,,,,
,Ph,PH1,11489,,,,,,,
,Ph,PH1,11489,,,,,,,
,Mn,PH1,11489,,,H,,,,
,Ph,PH1,11489,,,,,,,
,Sn,PH1,11489,,,,,,,
,Sn,PH1,11489,,,H,,,,
,Sn,PH1,11489,,,,,,,
,Sn,PH1,11489,,,H,,,,
,Ph,PH1,11489,,,,,,,
,Ph,PH1,11489,,,,,,,
,Sn,PH1,11489,,,H,,,,
,Ph,PH1,11489,,,,,,,
,Ph,PH1,11489,,,,,,,
,Ph,PH1,11489,,,,,,,
,Ph,PH1,11489,,,,,,,
,Sn,PH1,11489,,,,,,,
,Ph,PH1,11489,,,,,,,
,Ph,PH1,11489,,,,,,,
,Ph,PH1,11489,,,,,,,
,Ph,PH1,11489,,,,,,,
,Ph,PH1,11489,,,,,,,
,Sn,PH1,11489,,,,,,,
,Ph,PH1,11489,,,,,,,
,Sn,PH1,11489,,,F,,,,
,Sn,PH1,11489,,,H,,,,
,Ph,PH1,11489,,,,,,,
,Ph,PH1,11489,,,,,,,
,Ph,PH1,11489,,,,,,,
,Ph,PH1,11489,,,,,,,
,Ph,PH1,11489,,,,,,,
,Sn,PH1,11489,,,H,,,,
,Ph,PH1,11489,,,,,,,
,Ph,PH1,11489,,,,,,,
,Sn,PH1,11489,,,H,,,,
,Ph,PH1,11489,,,,,,,
,Ph,PH1,11489,,,,,,,
,Ph,PH1,11489,,,,,,,
,Ph,PH1,11489,,,,,,,
,Sn,PH1,11489,,,F,,,,
,Sn,PH1,11489,,,H,,,,
,Ph,PH1,11489,,,,,,,
,Ph,PH1,11489,,,,,,,
,Ph,PH1,11489,,,,,,,
,Sn,PH1,11489,,,H,,,,
,Ph,PH1,11489,,,,,,,
,Ph,PH1,11489,,,,,,,
,Sn,PH1,11489,,,H,,,,
,Ph,PH1,11489,,,H,,,,
,Sn,PH1,11489,,,H,,,,
,Mn,PH1,11489,,,H,,,,
,Mn,PH1,11489,,,H,,,,
,Sn,PH1,11489,,,F,,,,
,Mn,PH1,11489,,,,,,,
,Mn,PH1,11489,,,,,,,
,Mn,PH1,11489,,,H,,,,
,Sn,PH1,11489,,,,,,,
,Ph,PH1,11489,,,,,,,
,Ph,PH1,11489,,,,,,,
,Ph,PH1,11489,,,,,,,
,Mn,PH1,11489,,,,,,,
,Ph,PH1,11489,,,,,,,
,Ph,PH1,11489,,,,,,,
,Mn,PH1,11489,,,H,,,,
,Mn,PH1,11489,,,,,,,
,Sn,PH1,11489,,,,,,,
,Mn,PH1,11489,,,,,,,
,Mn,PH1,11489,,,,,,,
,Mn,PH1,11489,,,H,,,,
,Sn,PH1,11489,,,H,,,,
,Ph,PH1,11489,,,,,,,
,Sn,PH1,11489,,,H,,,,
,Ph,PH1,11489,,,,,,,
,Sn,PH1,11489,,,,,,,
,Sn,PH1,11489,,,H,,,,
,Sn,PH1,11489,,,H,,,,
,Sn,PH1,11489,,,,,,,
,Mn,PH1,11489,,,,,,,
,Ph,PH1,11489,,,,,,,
,Ph,PH1,11489,,,,,,,
,Mn,PH1,11489,,,H,,,,
,Ph,PH1,11489,,,,,,,
,Mn,PH1,11489,,,H,,,,
,Sn,PH1,11489,,,,,,,
,Mn,PH1,11489,,,H,,,,
,Mn,PH1,11489,,,H,,,,
,Ph,PH1,11489,,,,,,,
,Ph,PH1,11489,,,,,,,
,Ph,PH1,11489,,,,,,,
,Mn,PH1,11489,,,,,,,
,Mn,PH1,11489,,,,,,,
,Mn,PH1,11489,,,H,,,,
,Mn,PH1,11489,,,H,,,,
,Mn,PH1,11489,,,H,,,,
,Sn,PH1,11489,,,H,,,,
,Sn,PH1,11489,,,,,,,
,Mn,PH1,11489,,,H,,,,
,Sn,PH1,11489,,,,,,,
,Mn,PH1,11489,,,H,,,,
,Mn,PH1,11489,,,H,,,,
,Mn,PH1,11489,,,,,,,
,Mn,PH1,11489,,,,,,,
,Mn,PH1,11489,,,,,,,
,Mn,PH1,11489,,,,,,,
,Mn,PH1,11489,,,,,,,
,Mn,PH1,11489,,,H,,,,
,Sn,PH1,11489,,,,,,,
,Mn,PH1,11489,,,,,,,
,Mn,PH1,11489,,,,,,,
,Sn,PH1,11489,,,F?,,,,
,Mn,PH1,11489,,,H,,,,
,Mn,PH1,11489,,,H,,,,
,Sn,PH1,11489,,,H?,,,,
,Mn,PH1,11489,,,,,,,
,Mn,PH1,11489,,,H,,,,
,Sn,PH1,11489,,,H,,,,
,Mn,PH1,11489,,,,,,,
,Ph,PH1,11489,,,,,,,
,Mn,PH1,11489,,,H,,,,
,Mn,PH1,11489,,,H,,,,
,Mn,PH1,11489,,,H,,,,
,Mn,PH1,11489,,,H,,,,
,Ph,PH1,11489,,,,,,,
,Ph,PH1,11489,,,,,,,
,Ph,PH1,11489,,,,,,,
,Mn,PH1,11489,,,H,,,,
,Mn,PH1,11489,,,,,,,
,Mn,PH1,11489,,,,,,,
,Mn,PH1,11489,,,,,,,
,Mn,PH1,11489,,,H,,,,
,Mn,PH1,11489,,,H,,,,
,Mn,PH1,11489,,,H,,,,
,Mn,PH1,11489,,,F?,,,,
,Mn,PH1,11489,,,,,,,
,Ph,PH1,11489,,,,,,,
,Mn,PH1,11489,,,H,,,,
,Ph,PH1,11489,,,,,,,
,Ph,PH1,11489,,,,,,,
,Mn,PH1,11489,,,H,,,,
,Mn,PH1,11489,,,F,,,,
,Ph,PH1,11489,,,,,,,
,Mn,PH1,11489,,,H,,,,
,Ph,PH1,11489,,,,,,,
,Mn,PH1,11489,,,H,,,,
,Sn,PH1,11489,,,H,,,,
,Mn,PH1,11489,,,H,,,,
,Sn,PH1,11489,,,H,,,,
,Mn,PH1,11489,,,,,,,
,Ph,PH1,11489,,,,,,,
,Mn,PH1,11489,,,F,,,,
,Mn,PH1,11489,,,,,,,
,Mn,PH1,11489,,,F,,,,
,Sn,PH1,11489,,,F,,,,
,Sn,PH1,11489,,,,,,,
,Mn,PH1,11489,,,,,,,
,Mn,PH1,11489,,,,,,,
,Mn,PH1,11489,,,,,,,
,Mn,PH1,11489,,,H,,,,
,Sn,PH1,11489,,,H,,,,
,Sn,PH1,11489,,,,,,,
,Mn,PH1,11489,,,H,,,,
,Mn,PH1,11489,,,,,,,
,Sn,PH1,11489,,,,,,,
,Sn,PH1,11489,,,F,,,,
,Mn,PH1,11489,,,H,,,,
,Sn,PH1,11489,,,,,,,
,Ph,PH1,11489,,,,,,,
,Ph,PH1,11489,,,,,,,
,Mn,PH1,11489,,,,,,,
,Ph,PH1,11489,,,,,,,
,Mn,PH1,11489,,,H,,,,
,Mn,PH1,11489,,,,,,,
,Mn,PH1,11489,,,,,,,
,Mn,PH1,11489,,,H,,,,
,Mn,PH1,11489,,,,,,,
,Ph,PH1,11489,,,,,,,
,Sn,PH1,11489,,,H,,,,
,Ph,PH1,11489,,,,,,,
,Mn,PH1,11489,,,,,,,
,Mn,PH1,11489,,,,,,,
,Mn,PH1,11489,,,,,,,
,Ph,PH1,11489,,,,,,,
,Ph,PH1,11489,,,,,,,
,Mn,PH1,11489,,,F,,,,
,Mn,PH1,11489,,,,,,,
,Ph,PH1,11489,,,,,,,
,Mn,PH1,11489,,,H,,,,
,Ph,PH1,11489,,,,,,,
,Mn,PH1,11489,,,H,,,,
,Ph,PH1,11489,,,,,,,
,Mn,PH1,11489,,,H,,,,
,Sn,PH1,11489,,,H,,,,
,Mn,PH1,11489,,,,,,,
,Mn,PH1,11489,,,F,,,,
,Mn,PH1,11489,,,,,,,
,Mn,PH1,11489,,,,,,,
,Mn,PH1,11489,,,,,,,
,Sn,PH1,11489,,,F,,,,
,Mn,PH1,11489,,,,,,,
,Ph,PH1,11489,,,,,,,
,Mn,PH1,11489,,,,,,,
,Ph,PH1,11489,,,,,,,
,Mn,PH1,11489,,,,,,,
,Mn,PH1,11489,,,F,,,,
,Mn,PH1,11489,,,H,,,,
,Mn,PH1,11489,,,F?,,,,
,Mn,PH1,11489,,,H,,,,
,Sn,PH1,11489,,,H,,,,
,Mn,PH1,11489,,,,,,,
,Sn,PH1,11489,,,H?,,,,
,Sn,PH1,11489,,,F,,,,
,Mn,PH1,11489,,,H,,,,
,Mn,PH1,11489,,,H,,,,
,Ph,PH1,11489,,,,,,,
,Ph,PH1,11489,,,,,,,
,Mn,PH1,11489,,,H,,,,
,Mn,PH1,11489,,,H,,,,
,Mn,PH1,11489,,,H,,,,
,Mn,PH1,11489,,,,,,,
,Mn,PH1,11489,,,H,,,,
,Ph,PH1,11489,,,,,,,
,Mn,PH1,11489,,,H,,,,
,Mn,PH1,11489,,,F,,,,
,Ph,PH1,11489,,,,,,,
,Mn,PH1,11489,,,,,,,
,Sn,PH1,11489,,,,,,,
,Ph,PH1,11489,,,,,,,
,Mn,PH1,11489,,,,,,,
,Mn,PH1,11489,,,,,,,
,Mn,PH1,11489,,,H,,,,
,Mn,PH1,11489,,,,,,,
,Ph,PH1,11489,,,,,,,
,Sn,PH1,11489,,,,,,,
,Mn,PH1,11489,,,,,,,
,Mn,PH1,11489,,,,,,,
,Sn,PH1,11489,,,F,,,,
,Mn,PH1,11489,,,H,,,,
,Mn,PH1,11489,,,H,,,,
,Mn,PH1,11489,,,,,,,
,Ph,PH1,11489,,,,,,,
,Sn,PH1,11489,,,F,,,,
,Mn,PH1,11489,,,H,,,,
,Ph,PH1,11489,,,,,,,
,Ph,PH1,11489,,,,,,,
,Ph,PH1,11489,,,,,,,
,Mn,PH1,11489,,,,,,,
,Sn,PH1,11489,,,H,,,,
,Mn,PH1,11489,,,H,,,,
,Mn,PH1,11489,,,H,,,,
,Mn,PH1,11489,,,H,,,,
,Ph,PH1,11489,,,,,,,
,Mn,PH1,11489,,,H,,,,
,Ph,PH1,11489,,,,,,,
,Mn,PH1,11489,,,H,,,,
,Mn,PH1,11489,,,,,,,
,Mn,PH1,11489,,,,,,,
,Mn,PH1,11489,,,,,,,
,Mn,PH1,11489,,,,,,,
,Ph,PH1,11489,,,,,,,
,Mn,PH1,11489,,,,,,,
,Mn,PH1,11489,,,,,,,
,Mn,PH1,11489,,,,,,,
,Mn,PH1,11489,,,,,,,
,Mn,PH1,11489,,,,,,,
,Sn,PH1,11489,,,,,,,
,Ph,PH1,11489,,,,,,,
,Ph,PH1,11489,,,,,,,
,Mn,PH1,11489,,,H,,,,
,Sn,PH1,11489,,,,,,,
,Mn,PH1,11489,,,,,,,
,Mn,PH1,11489,,,,,,,
,Mn,PH1,11489,,,H,,,,
,Sn,PH1,11489,,,,,,,
,Mn,PH1,11489,,,H,,,,
,Mn,PH1,11489,,,,,,,
,Mn,PH1,11489,,,,,,,
,Mn,PH1,11489,,,,,,,
,Sn,PH1,11489,,,,,,,
,Mn,PH1,11489,,,,,,,
,Mn,PH1,11489,,,,,,,
,Sn,PH1,11489,,,,,,,
,Sn,PH1,11489,,,,,,,
,Mn,PH1,11489,,,H,,,,
,Ph,PH1,11489,,,,,,,
,Mn,PH1,11489,,,H,,,,
,Mn,PH1,11489,,,H,,,,
,Mn,PH1,11489,,,H,,,,
,Ph,PH1,11489,,,,,,,
,Ph,PH1,11489,,,,,,,
,Sn,PH1,11489,,,,,,,
,Sn,PH1,11489,,,,,,,
,Mn,PH1,11489,,,H,,,,
,Mn,PH1,11489,,,H,,,,
,Sn,PH1,11489,,,,,,,
,Mn,PH1,11489,,,F,,,,
,Sn,PH1,11489,,,,,,,
,Mn,PH1,11489,,,F?,,,,
,Mn,PH1,11489,,,,,,,
,Mn,PH1,11489,,,H,,,,
,Sn,PH1,11489,,,,,,,
,Sn,PH1,11489,,,H,,,,
,Sn,PH1,11489,,,H,,,,
,Mn,PH1,11489,,,H,,,,
,Mn,PH1,11489,,,H,,,,
,Ph,PH1,11489,,,,,,,
,Mn,PH1,11489,,,,,,,
,Mn,PH1,11489,,,H,,,,
,Ph,PH1,11489,,,,,,,
,Sn,PH1,11489,,,H,,,,
,Sn,PH1,11489,,,F,,,,
,Ph,PH1,11489,,,,,,,
,Sn,PH1,11489,,,,,,,
,Mn,PH1,11489,,,H,,,,
,Mn,PH1,11489,,,H?,,,,
,Mn,PH1,11489,,,,,,,
,Mn,PH1,11489,,,H,,,,
,Mn,PH1,11489,,,H,,,,
,Ph,PH1,11489,,,,,,,
,Mn,PH1,11489,,,H,,,,
,Ph,PH1,11489,,,,,,,
,Mn,PH1,11489,,,H,,,,
,Ph,PH1,11489,,,,,,,
,Mn,PH1,11489,,,H,,,,
,Sn,PH1,11489,,,,,,,
,Mn,PH1,11489,,,F,,,,
,Sn,PH1,11489,,,F,,,,
,Ph,PH1,11489,,,,,,,
,Sn,PH1,11489,,,,,,,
,Ph,PH1,11489,,,,,,,
,Mn,PH1,11489,,,H,,,,
,Mn,PH1,11489,,,H,,,,
,Mn,PH1,11489,,,,,,,
,Mn,PH1,11489,,,H,,,,
,Mn,PH1,11489,,,H?,,,,
,Mn,PH1,11489,,,H,,,,
,Mn,PH1,11489,,,,,,,
,Ph,PH1,11489,,,,,,,
,Ph,PH1,11489,,,,,,,
,Ph,PH1,11489,,,,,,,
,Sn,PH1,11489,,,,,,,
,Ph,PH1,11489,,,,,,,
,Ph,PH1,11489,,,,,,,
,Sn,PH1,11489,,,,,,,
,Mn,PH1,11489,,,H,,,,
,Sn,PH1,11489,,,,,,,
,Mn,PH1,11489,,,,,,,
,Ph,PH1,11489,,,,,,,
,Sn,PH1,11489,,,F?,,,,
,Ph,PH1,11489,,,,,,,
,Mn,PH1,11489,,,H,,,,
,Mn,PH1,11489,,,H,,,,
,Mn,PH1,11489,,,H,,,,
,Ph,PH1,11489,,,,,,,
,Ph,PH1,11489,,,,,,,
,Ph,PH1,11489,,,,,,,
,Ph,PH1,11489,,,,,,,
,Mn,PH1,11489,,,H,,,,
,Sn,PH1,11489,,,,,,,
,Sn,PH2,11470,,,H,,,,
,Sn,PH2,11470,,,H,,,,
,Sn,PH2,11470,,,H,,,,
,Sn,PH2,11470,,,H,,,,
,Sn,PH2,11470,,,H,,,,
,Sn,PH2,11470,,,H,,,,
,Sn,PH2,11470,,,H,,,,
,Sn,PH2,11470,,,H,,,,
,Sn,PH2,11470,,,H,,,,
,Sn,PH2,11470,,,H,,,,
,Sn,PH2,11470,,,F,,,,
,Sn,PH2,11470,,,F,,,,
,Sn,PH2,11470,,,F,,,,
,Sn,PH2,11470,,,F,,,,
,Sn,PH2,11470,,,F,,,,
,Sn,PH2,11470,,,F,,,,
,Sn,PH2,11470,,,H,,,,
,Sn,PH2,11470,,,F,,,,
,Sn,PH2,11470,,,H,,,,
,Sn,PH2,11470,,,F,,,,
,Sn,PH2,11470,,,H,,,,
,Sn,PH2,11470,,,H,,,,
,Sn,PH2,11470,,,F,,,,
,Sn,PH2,11470,,,H,,,,
,Sn,PH2,11470,,,F,,,,
,Sn,PH2,11470,,,F,,,,
,Sn,PH2,11470,,,H,,,,
,Sn,PH2,11470,,,F,,,,
,Sn,PH2,11470,,,H,,,,
,Sn,PH2,11470,,,F,,,,
,Sn,PH2,11470,,,H,,,,
,Sn,PH2,11470,,,F,,,,
,Sn,PH2,11470,,,H,,,,
,Sn,PH2,11470,,,,,,,
,Sn,PH2,11470,,,H,,,,
,Sn,PH2,11470,,,F,,,,
,Sn,PH2,11470,,,H,,,,
,Sn,PH2,11470,,,H,,,,
,Sn,PH2,11470,,,,,,,
,Sn,PH2,11470,,,H,,,,
,Sn,PH2,11470,,,F,,,,
,Sn,PH2,11470,,,H,,,,
,Ph,PH2,11470,,,,,,,
,Mn,PH2,11470,,,F,,,,
,Ph,PH2,11470,,,,,,,
,Ph,PH2,11470,,,,,,,
,Sn,PH2,11470,,,H,,,,
,Sn,PH2,11470,,,,,,,
,Mn,PH2,11470,,,H,,,,
,Ph,PH2,11470,,,,,,,
,Ph,PH2,11470,,,,,,,
,Ph,PH2,11470,,,,,,,
,Ph,PH2,11470,,,,,,,
,Mn,PH2,11470,,,H,,,,
,Mn,PH2,11470,,,,,,,
,Ph,PH2,11470,,,,,,,
,Ph,PH2,11470,,,,,,,
,Ph,PH2,11470,,,,,,,
,Sn,PH2,11470,,,H,,,,
,Mn,PH2,11470,,,H,,,,
,Sn,PH2,11470,,,H,,,,
,Ph,PH2,11470,,,,,,,
,Ph,PH2,11470,,,,,,,
,Ph,PH2,11470,,,,,,,
,Ph,PH2,11470,,,,,,,
,Mn,PH2,11470,,,H,,,,
,Mn,PH2,11470,,,H,,,,
,Mn,PH2,11470,,,H,,,,
,Sn,PH2,11470,,,F,,,,
,Mn,PH2,11470,,,,,,,
,Mn,PH2,11470,,,H,,,,
,Ph,PH2,11470,,,,,,,
,Ph,PH2,11470,,,,,,,
,Mn,PH2,11470,,,,,,,
,Ph,PH2,11470,,,,,,,
,Mn,PH2,11470,,,H,,,,
,Ph,PH2,11470,,,,,,,
,Ph,PH2,11470,,,,,,,
,Ph,PH2,11470,,,,,,,
,Ph,PH2,11470,,,,,,,
,Ph,PH2,11470,,,,,,,
,Ph,PH2,11470,,,,,,,
,Mn,PH2,11470,,,H,,,,
,Sn,PH2,11470,,,H,,,,
,Sn,PH2,11470,,,H,,,,
,Mn,PH2,11470,,,H,,,,
,Ph,PH2,11470,,,F?,,,,
,Sn,PH2,11470,,,F,,,,
,Mn,PH2,11470,,,H,,,,
,Sn,PH2,11470,,,,,,,
,Mn,PH2,11470,,,H,,,,
,Mn,PH2,11470,,,H,,,,
,Mn,PH2,11470,,,H,,,,
,Mn,PH2,11470,,,H,,,,
,Mn,PH2,11470,,,H,,,,
,Sn,PH2,11470,,,H,,,,
,Sn,PH2,11470,,,F,,,,
,Mn,PH2,11470,,,H,,,,
,Sn,PH2,11470,,,F,,,,
,Sn,PH2,11470,,,F,,,,
,Mn,PH2,11470,,,,,,,
,Mn,PH2,11470,,,,,,,
,Mn,PH2,11470,,,,,,,
,Mn,PH2,11470,,,,,,,
,Mn,PH2,11470,,,H,,,,
,Mn,PH2,11470,,,H,,,,
,Mn,PH2,11470,,,,,,,
,Sn,PH2,11470,,,,,,,
,Ph,PH2,11470,,,,,,,
,Sn,PH2,11470,,,F,,,,
,Sn,PH2,11470,,,F,,,,
,Ph,PH2,11470,,,,,,,
,Mn,PH2,11470,,,,,,,
,Mn,PH2,11470,,,,,,,
,Ph,PH2,11470,,,,,,,
,Ph,PH2,11470,,,,,,,
,Ph,PH2,11470,,,,,,,
,Ph,PH2,11470,,,,,,,
,Sn,PH2,11470,,,,,,,
,Ph,PH2,11470,,,,,,,
,Ph,PH2,11470,,,,,,,
,Mn,PH2,11470,,,,,,,
,Sn,PH2,11470,,,,,,,
,Sn,PH2,11470,,,H,,,,
,Ph,PH2,11470,,,,,,,
,Ph,PH2,11470,,,,,,,
,Mn,PH2,11470,,,,,,,
,Mn,PH2,11470,,,H,,,,
,Ph,PH2,11470,,,,,,,
,Mn,PH2,11470,,,,,,,
,Ph,PH2,11470,,,,,,,
,Mn,PH2,11470,,,H,,,,
,Mn,PH2,11470,,,,,,,
,Sn,PH2,11470,,,H,,,,
,Sn,PH2,11470,,,,,,,
,Ph,PH2,11470,,,,,,,
,Sn,PH2,11470,,,F,,,,
,Sn,PH2,11470,,,F,,,,
,Sn,PH2,11470,,,H,,,,
,Sn,PH2,11470,,,F,,,,
,Sn,PH2,11470,,,H,,,,
,Sn,PH2,11470,,,H,,,,
,Mn,PH2,11470,,,H,,,,
,Mn,PH2,11470,,,H,,,,
,Sn,PH2,11470,,,F,,,,
,Mn,PH2,11470,,,H,,,,
,Sn,PH2,11470,,,H,,,,
,Mn,PH2,11470,,,H,,,,
,Mn,PH2,11470,,,,,,,
,Ph,PH2,11470,,,,,,,
,Ph,PH2,11470,,,,,,,
,Ph,PH2,11470,,,,,,,
,Mn,PH2,11470,,,H,,,,
,Ph,PH2,11470,,,,,,,
,Ph,PH2,11470,,,,,,,
,Mn,PH2,11470,,,H,,,,
,Ph,PH2,11470,,,,,,,
,Mn,PH2,11470,,,H,,,,
,Mn,PH2,11470,,,H,,,,
,Mn,PH2,11470,,,H,,,,
,Mn,PH2,11470,,,H,,,,
,Mn,PH2,11470,,,,,,,
,Ph,PH2,11470,,,,,,,
,Ph,PH2,11470,,,,,,,
,Mn,PH2,11470,,,,,,,
,Ph,PH2,11470,,,,,,,
,Ph,PH2,11470,,,,,,,
,Sn,PH2,11470,,,F,,,,
,Mn,PH2,11470,,,,,,,
,Mn,PH2,11470,,,,,,,
,Sn,PH2,11470,,,F,,,,
,Mn,PH2,11470,,,H,,,,
,Ph,PH2,11470,,,,,,,
,Ph,PH2,11470,,,,,,,
,Ph,PH2,11470,,,,,,,
,Ph,PH2,11470,,,,,,,
,Ph,PH2,11470,,,,,,,
,Ph,PH2,11470,,,,,,,
,Ph,PH2,11470,,,,,,,
,Ph,PH2,11470,,,,,,,
,Mn,PH2,11470,,,H,,,,
,Ph,PH2,11470,,,,,,,
,Ph,PH2,11470,,,,,,,
,Sn,PH2,11470,,,F,,,,
,Ph,PH2,11470,,,,,,,
,Ph,PH2,11470,,,,,,,
,Ph,PH2,11470,,,,,,,
,Sn,PH2,11470,,,F,,,,
,Ph,PH2,11470,,,,,,,
,Mn,PH2,11470,,,H,,,,
,Ph,PH2,11470,,,,,,,
,Mn,PH2,11470,,,H,,,,
,Mn,PH2,11470,,,H,,,,
,Mn,PH2,11470,,,H,,,,
,Ph,PH2,11470,,,,,,,
,Ph,PH2,11470,,,,,,,
,Ph,PH2,11470,,,,,,,
,Mn,PH2,11470,,,H,,,,
,Ph,PH2,11470,,,,,,,
,Ph,PH2,11470,,,,,,,
,Sn,PH2,11470,,,H,,,,
,Ph,PH2,11470,,,,,,,
,Mn,PH2,11470,,,H,,,,
,Mn,PH2,11470,,,H,,,,
,Sn,PH2,11470,,,,,,,
,Mn,PH2,11470,,,H,,,,
,Ph,PH2,11470,,,,,,,
,Ph,PH2,11470,,,,,,,
,Mn,PH2,11470,,,H,,,,
,Sn,PH2,11470,,,F,,,,
,Sn,PH2,11470,,,F,,,,
,Ph,PH2,11470,,,,,,,
,Mn,PH2,11470,,,F,,,,
,Ph,PH2,11470,,,,,,,
,Ph,PH2,11470,,,,,,,
,Mn,PH2,11470,,,F,,,,
,Mn,PH2,11470,,,H,,,,
,Ph,PH2,11470,,,,,,,
,Mn,PH2,11470,,,H,,,,
,Sn,PH2,11470,,,H,,,,
,Mn,PH2,11470,,,H,,,,
,Sn,PH2,11470,,,F,,,,
,Mn,PH2,11470,,,F,,,,
,Mn,PH2,11470,,,H,,,,
,Mn,PH2,11470,,,H,,,,
,Mn,PH2,11470,,,,,,,
,Mn,PH2,11470,,,,,,,
,Sn,PH2,11470,,,H,,,,
,Mn,PH2,11470,,,,,,,
,Mn,PH2,11470,,,,,,,
,Mn,PH2,11470,,,,,,,
,Ph,PH2,11470,,,,,,,
,Mn,PH2,11470,,,,,,,
,Sn,PH2,11470,,,,,,,
,Sn,PH2,11470,,,,,,,
,Sn,PH2,11470,,,H,,,,
,Mn,PH2,11470,,,,,,,
,Mn,PH2,11470,,,H,,,,
,Ph,PH2,11470,,,,,,,
,Ph,PH2,11470,,,,,,,
,Ph,PH2,11470,,,,,,,
,Ph,PH2,11470,,,,,,,
,Sn,PH2,11470,,,F,,,,
,Mn,PH2,11470,,,H,,,,
,Mn,PH2,11470,,,,,,,
,Sn,PH2,11470,,,H,,,,
,Mn,PH2,11470,,,H,,,,
,Ph,PH2,11470,,,,,,,
,Ph,PH2,11470,,,,,,,
,Ph,PH2,11470,,,,,,,
,Mn,PH2,11470,,,H,,,,
,Mn,PH2,11470,,,H,,,,
,Sn,PH2,11470,,,H,,,,
,Ph,PH2,11470,,,,,,,
,Mn,PH2,11470,,,H,,,,
,Ph,PH2,11470,,,,,,,
,Mn,PH2,11470,,,H,,,,
,Sn,PH2,11470,,,F,,,,
,Sn,PH2,11470,,,H,,,,
,Sn,PH2,11470,,,H,,,,
,Sn,PH2,11470,,,F,,,,
,Sn,PH2,11470,,,,,,,
,Sn,PH2,11470,,,H,,,,
,Mn,PH2,11470,,,,,,,
,Ph,PH2,11470,,,,,,,
,Ph,PH2,11470,,,,,,,
,Sn,PH2,11470,,,H,,,,
,Mn,PH2,11470,,,H,,,,
,Mn,PH2,11470,,,H,,,,
,Sn,PH2,11470,,,F,,,,
,Mn,PH2,11470,,,H,,,,
,Mn,PH2,11470,,,H,,,,
,Ph,PH2,11470,,,,,,,
,Ph,PH2,11470,,,,,,,
,Ph,PH2,11470,,,,,,,
,Mn,PH2,11470,,,H,,,,
,Mn,PH2,11470,,,H,,,,
,Mn,PH2,11470,,,,,,,
,Ph,PH2,11470,,,,,,,
,Ph,PH2,11470,,,,,,,
,Ph,PH2,11470,,,,,,,
,Sn,PH2,11470,,,H,,,,
,Mn,PH2,11470,,,H,,,,
,Sn,PH2,11470,,,H,,,,
,Ph,PH2,11470,,,,,,,
,Ph,PH2,11470,,,,,,,
,Ph,PH2,11470,,,,,,,
,Mn,PH2,11470,,,H,,,,
,Mn,PH2,11470,,,,,,,
,Mn,PH2,11470,,,H,,,,
,Ph,PH2,11470,,,,,,,
,Ph,PH2,11470,,,,,,,
,Ph,PH2,11470,,,,,,,
,Mn,PH2,11470,,,H,,,,
,Mn,PH2,11470,,,H,,,,
,Ph,PH2,11470,,,,,,,
,Ph,PH2,11470,,,,,,,
,Sn,PH2,11470,,,H,,,,
,Mn,PH2,11470,,,H,,,,
,Mn,PH2,11470,,,H,,,,
,Ph,PH2,11470,,,,,,,
,Sn,PH2,11470,,,H,,,,
,Mn,PH2,11470,,,H,,,,
,Ph,PH2,11470,,,,,,,
,Ph,PH2,11470,,,,,,,
,Mn,PH2,11470,,,H,,,,
,Ph,PH2,11470,,,,,,,
,Mn,PH2,11470,,,H,,,,
,Ph,PH2,11470,,,,,,,
,Ph,PH2,11470,,,,,,,
,Mn,PH2,11470,,,H,,,,
,Ph,PH2,11470,,,,,,,
,Ph,PH2,11470,,,,,,,
,Mn,PH2,11470,,,H,,,,
,Mn,PH2,11470,,,H,,,,
,Ph,PH2,11470,,,,,,,
,Mn,PH2,11470,,,H,,,,
,Ph,PH2,11470,,,,,,,
,Sn,PH2,11470,,,F,,,,
,Ph,PH2,11470,,,,,,,
,Ph,PH2,11470,,,,,,,
,Mn,PH2,11470,,,,,,,
,Ph,PH2,11470,,,,,,,
,Ph,PH2,11470,,,,,,,
,Mn,PH2,11470,,,H,,,,
,Mn,PH2,11470,,,,,,,
,Mn,PH2,11470,,,H,,,,
,Mn,PH2,11470,,,H,,,,
,Sn,PH2,11470,,,H,,,,
,Mn,PH2,11470,,,,,,,
,Mn,PH2,11470,,,H,,,,
,Sn,PH2,11470,,,H,,,,
,Sn,PH2,11470,,,,,,,
,Mn,PH2,11470,,,,,,,
,Mn,PH2,11470,,,,,,,
,Ph,PH2,11470,,,,,,,
,Sn,PH2,11470,,,H,,,,
,Sn,PH2,11470,,,H,,,,
,Sn,PH2,11470,,,H,,,,
,Ph,PH2,11470,,,,,,,
,Mn,PH2,11470,,,H,,,,
,Ph,PH2,11470,,,,,,,
,Sn,PH2,11470,,,H,,,,
,Sn,PH2,11470,,,F,,,,
,Mn,PH2,11470,,,H,,,,
,Ph,PH2,11470,,,,,,,
,Sn,PH2,11470,,,H,,,,
,Sn,PH2,11470,,,H,,,,
,Ph,PH2,11470,,,,,,,
,Mn,PH2,11470,,,H,,,,
,Ph,PH2,11470,,,,,,,
,Mn,PH2,11470,,,H,,,,
,Mn,PH2,11470,,,F,,,,
,Mn,PH2,11470,,,H,,,,
,Mn,PH2,11470,,,H,,,,
,Mn,PH2,11470,,,F?,,,,
,Mn,PH2,11470,,,,,,,
,Mn,PH2,11470,,,H,,,,
,Mn,PH2,11470,,,H?,,,,
,Sn,PH2,11470,,,H,,,,
,Sn,PH2,11470,,,H,,,,
,Sn,PH2,11470,,,F,,,,
,Sn,PH2,11470,,,H,,,,
,Mn,PH2,11470,,,H,,,,
,Mn,PH2,11470,,,H,,,,
,Sn,PH2,11470,,,H,,,,
,Sn,PH2,11470,,,H,,,,
,Sn,PH2,11470,,,H,,,,
,Sn,PH2,11470,,,H,,,,
,Sn,PH2,11470,,,H,,,,
,Sn,PH2,11470,,,H,,,,
,Mn,PH2,11470,,,H,,,,
,Mn,PH2,11470,,,H,,,,
,Sn,PH2,11470,,,H,,,,
,Sn,PH2,11470,,,,,,,
,Ph,PH2,11470,,,,,,,
,Sn,PH2,11470,,,H,,,,
,Mn,PH2,11470,,,H,,,,
,Ph,PH2,11470,,,,,,,
,Ph,PH2,11470,,,,,,,
,Sn,PH2,11470,,,H,,,,
,Sn,PH2,11470,,,F,,,,
,Sn,PH2,11470,,,H,,,,
,Sn,PH2,11470,,,H,,,,
,Sn,PH2,11470,,,F,,,,
,Mn,PH2,11470,,,H,,,,
,Sn,PH2,11470,,,H,,,,
,Sn,PH2,11470,,,,,,,
,Mn,PH2,11470,,,H,,,,
,Sn,PH2,11470,,,F,,,,
,Mn,PH2,11470,,,H,,,,
,Sn,PH2,11470,,,H,,,,
,Mn,PH2,11470,,,H,,,,
,Ph,PH2,11470,,,,,,,
,Mn,PH2,11470,,,,,,,
,Mn,PH2,11470,,,H,,,,
,Ph,PH2,11470,,,,,,,
,Mn,PH2,11470,,,H,,,,
,Ph,PH2,11470,,,,,,,
,Ph,PH2,11470,,,,,,,
,Sn,PH2,11470,,,H,,,,
,Mn,PH2,11470,,,H,,,,
,Mn,PH2,11470,,,H,,,,
,Sn,PH2,11470,,,F,,,,
,Mn,PH2,11470,,,H,,,,
,Mn,PH2,11470,,,H,,,,
,Sn,PH2,11470,,,H,,,,
,Sn,PH2,11470,,,H,,,,
,Sn,PH2,11470,,,H,,,,
,Sn,PH2,11470,,,H,,,,
,Ph,PH2,11470,,,,,,,
,Ph,PH2,11470,,,,,,,
,Mn,PH2,11470,,,H,,,,
,Ph,PH2,11470,,,,,,,
,Ph,PH2,11470,,,,,,,
,Sn,PH2,11470,,,F,,,,
,Mn,PH2,11470,,,H,,,,
,Mn,PH2,11470,,,F?,,,,
,Mn,PH2,11470,,,H,,,,
,Mn,PH2,11470,,,H,,,,
,Sn,PH2,11470,,,H,,,,
,Sn,PH2,11470,,,H,,,,
,Sn,PH2,11470,,,F,,,,
,Mn,PH2,11470,,,,,,,
,Mn,PH2,11470,,,,,,,
,Mn,PH2,11470,,,H,,,,
,Sn,PH2,11470,,,H,,,,
,Sn,PH2,11470,,,H,,,,
,Mn,PH2,11470,,,,,,,
,Sn,PH2,11470,,,,,,,
,Sn,PH2,11470,,,H,,,,
,Mn,PH2,11470,,,H,,,,
,Sn,PH2,11470,,,H,,,,
,Mn,PH2,11470,,,,,,,
,Sn,PH2,11470,,,H,,,,
,Mn,PH2,11470,,,,,,,
,Mn,PH2,11470,,,,,,,
,Sn,PH2,11470,,,"F,H?",,,,
,Sn,PH2,11470,,,,,,,
,Sn,PH2,11470,,,"F,H?",,,,
,Sn,PH2,11470,,,,,,,
,Sn,PH2,11470,,,"F,H?",,,,
,Sn,PH2,11470,,,,,,,
,Sn,PH2,11470,,,,,,,
,Sn,PH2,11470,,,F,,,,
,Sn,PH2,11470,,,F,,,,
,Sn,PH2,11470,,,H,,,,
,Sn,PH2,11470,,,H,,,,
,Mn,PH2,11470,,,H,,,,
,Sn,PH2,11470,,,H,,,,
,Mn,PH2,11470,,,,,,,
,Ph,PH2,11470,,,,,,,
,Sn,PH2,11470,,,H,,,,
,Ph,PH2,11470,,,,,,,
,Ph,PH2,11470,,,,,,,
,Ph,PH2,11470,,,,,,,
,Ph,PH2,11470,,,,,,,
,Ph,PH2,11470,,,,,,,
,Ph,PH2,11470,,,,,,,
,Sn,PH2,11470,,,H,,,,
,Mn,PH2,11470,,,H,,,,
,Ph,PH2,11470,,,,,,,
,Ph,PH2,11470,,,,,,,
,Ph,PH2,11470,,,,,,,
,Ph,PH2,11470,,,,,,,
,Ph,PH2,11470,,,,,,,
,Mn,PH2,11470,,,H,,,,
,Ph,PH2,11470,,,,,,,
,Mn,PH2,11470,,,H,,,,
,Sn,PH2,11470,,,H,,,,
,Sn,PH2,11470,,,H,,,,
,Sn,PH2,11470,,,H,,,,
,Sn,PH2,11470,,,H,,,,
,Sn,PH2,11470,,,H,,,,
,Mn,PH2,11470,,,H,,,,
,Mn,PH2,11470,,,H,,,,
,Sn,PH2,11470,,,H,,,,
,Ph,PH2,11470,,,,,,,
,Ph,PH2,11470,,,,,,,
,Sn,PH2,11470,,,H,,,,
,Mn,PH2,11470,,,,,,,
,Ph,PH2,11470,,,,,,,
,Ph,PH2,11470,,,,,,,
,Ph,PH2,11470,,,,,,,
,Ph,PH2,11470,,,,,,,
,Ph,PH2,11470,,,,,,,
,Ph,PH2,11470,,,,,,,
,Ph,PH2,11470,,,,,,,
,Ph,PH2,11470,,,,,,,
,Sn,PH2,11470,,,F,,,,
,Mn,PH2,11470,,,,,,,
,Ph,PH2,11470,,,,,,,
,Mn,PH2,11470,,,H,,,,
,Mn,PH2,11470,,,H,,,,
,Ph,PH2,11470,,,,,,,
,Ph,PH2,11470,,,,,,,
,Ph,PH2,11470,,,,,,,
,Mn,PH2,11470,,,H,,,,
,Ph,PH2,11470,,,,,,,
,Ph,PH2,11470,,,,,,,
,Mn,PH2,11470,,,H,,,,
,Sn,PH2,11470,,,H,,,,
,Sn,PH2,11470,,,H,,,,
,Ph,PH2,11470,,,,,,,
,Ph,PH2,11470,,,,,,,
,Mn,PH2,11470,,,H,,,,
,Mn,PH2,11470,,,H,,,,
,Mn,PH2,11470,,,H,,,,
,Sn,PH2,11470,,,H,,,,
,Mn,PH2,11470,,,H,,,,
,Mn,PH2,11470,,,H,,,,
,Mn,PH2,11470,,,H,,,,
,Sn,PH2,11470,,,F,,,,
,Sn,PH2,11470,,,,,,,
,Mn,PH2,11470,,,H,,,,
,Sn,PH2,11470,,,H,,,,
,Ph,PH2,11470,,,,,,,
,Ph,PH2,11470,,,,,,,
,Mn,PH2,11470,,,H,,,,
,Sn,PH2,11470,,,H,,,,
,Mn,PH2,11470,,,H,,,,
,Ph,PH2,11470,,,,,,,
,Mn,PH2,11470,,,H,,,,
,Sn,PH2,11470,,,H,,,,
,Mn,PH2,11470,,,H,,,,
,Ph,PH2,11470,,,,,,,
,Ph,PH2,11470,,,H,,,,
,Sn,PH2,11470,,,F,,,,
,Sn,PH2,11470,,,H,,,,
,Ph,PH2,11470,,,,,,,
,Ph,PH2,11470,,,,,,,
,Ph,PH2,11470,,,,,,,
,Ph,PH2,11470,,,,,,,
,Sn,PH2,11470,,,F,,,,
,Sn,PH2,11470,,,H,,,,
,Mn,PH2,11470,,,H,,,,
,Ph,PH2,11470,,,,,,,
,Ph,PH2,11470,,,,,,,
,Sn,PH2,11470,,,,,,,
,Sn,PH2,11470,,,,,,,
,Sn,PH2,11470,,,H,,,,
,Sn,PH2,11470,,,H,,,,
,Sn,PH2,11470,,,H,,,,
,Mn,PH2,11470,,,H,,,,
,Sn,PH2,11470,,,H,,,,
,Ph,PH2,11470,,,,,,,
,Ph,PH2,11470,,,,,,,
,Sn,PH2,11470,,,H,,,,
,Ph,PH2,11470,,,,,,,
,Ph,PH2,11470,,,,,,,
,Sn,PH2,11470,,,F,,,,
,Ph,PH2,11470,,,,,,,
,Ph,PH2,11470,,,,,,,
,Ph,PH2,11470,,,,,,,
,Ph,PH2,11470,,,,,,,
,Ph,PH2,11470,,,,,,,
,Sn,PH2,11470,,,H,,,,
,Sn,PH2,11470,,,F,,,,
,Sn,PH2,11470,,,,,,,
,Ph,PH2,11470,,,,,,,
,Ph,PH2,11470,,,,,,,
,Ph,PH2,11470,,,,,,,
,Sn,PH2,11470,,,F?,,,,
,Sn,PH2,11470,,,F?,,,,
,Sn,PH2,11470,,,H,,,,
,Sn,PH2,11470,,,H,,,,
,Mn,PH2,11470,,,H,,,,
,Sn,PH2,11470,,,H,,,,
,Sn,PH2,11470,,,,,,,
,Sn,PH2,11470,,,,,,,
,Sn,PH2,11470,,,F,,,,
,Ph,PH2,11470,,,,,,,
,Ph,PH2,11470,,,,,,,
,Ph,PH2,11470,,,,,,,
,Ph,PH2,11470,,,,,,,
,Sn,PH2,11470,,,,,,,
,Sn,PH2,11470,,,H,,,,
,Ph,PH2,11470,,,,,,,
,Mn,PH2,11470,,,H,,,,
,Ph,PH2,11470,,,,,,,
,Ph,PH2,11470,,,,,,,
,Ph,PH2,11470,,,,,,,
,Sn,PH2,11470,,,H,,,,
,Sn,PH2,11470,,,H,,,,
,Mn,PH2,11470,,,H,,,,
,Sn,PH2,11470,,,H,,,,
,Mn,PH2,11470,,,,,,,
,Mn,PH2,11470,,,H,,,,
,Mn,PH2,11470,,,H,,,,
,Sn,PH2,11470,,,H,,,,
,Sn,PH2,11470,,,H,,,,
,Ph,PH2,11470,,,,,,,
,Sn,PH2,11470,,,H,,,,
,Sn,PH2,11470,,,H,,,,
,Mn,PH2,11470,,,H,,,,
,Sn,PH2,11470,,,H,,,,
,Sn,PH2,11470,,,H,,,,
,Mn,PH2,11470,,,H,,,,
,Sn,PH2,11470,,,,,,,
,Ph,PH2,11470,,,,,,,
,Mn,PH2,11470,,,H,,,,
,Sn,PH2,11470,,,H,,,,
,Sn,PH2,11470,,,H,,,,
,Ph,PH2,11470,,,,,,,
,Ph,PH2,11470,,,,,,,
,Ph,PH2,11470,,,,,,,
,Mn,PH2,11470,,,H,,,,
,Ph,PH2,11470,,,,,,,
,Ph,PH2,11470,,,,,,,
,Sn,PH2,11470,,,F,,,,
,Ph,PH2,11470,,,,,,,
,Ph,PH2,11470,,,,,,,
,Ph,PH2,11470,,,,,,,
,Ph,PH2,11470,,,,,,,
,Mn,PH2,11470,,,H,,,,
,Ph,PH2,11470,,,,,,,
,Mn,PH2,11470,,,H,,,,
,Ph,PH2,11470,,,,,,,
,Mn,PH2,11470,,,,,,,
,Mn,PH2,11470,,,F?,,,,
,Mn,PH2,11470,,,F?,,,,
,Sn,PH2,11470,,,F,,,,
,Mn,PH2,11470,,,H,,,,
,Mn,PH2,11470,,,H,,,,
,Sn,PH2,11470,,,H,,,,
,Sn,PH2,11470,,,H,,,,
,Sn,PH3,11483,,,,,,,
,Sn,PH3,11483,,,,,,,
,Sn,PH3,11483,,,H,,,,
,Sn,PH3,11483,,,H,,,,
,Sn,PH3,11483,,,H,,,,
,Sn,PH3,11483,,,H,,,,
,Sn,PH3,11483,,,,,,,
,Sn,PH3,11483,,,F,,,,
,Sn,PH3,11483,,,H,,,,
,Sn,PH3,11483,,,,,,,
,Sn,PH3,11483,,,H,,,,
,Sn,PH3,11483,,,,,,,
,Sn,PH3,11483,,,H,,,,
,Sn,PH3,11483,,,,,,,
,Sn,PH3,11483,,,,,,,
,Sn,PH3,11483,,,,,,,
,Sn,PH3,11483,,,,,,,
,Sn,PH3,11483,,,,,,,
,Sn,PH3,11483,,,F,,,,
,Sn,PH3,11483,,,,,,,
,Sn,PH3,11483,,,H,,,,
,Sn,PH3,11483,,,,,,,
,Sn,PH3,11483,,,F,,,,
,Sn,PH3,11483,,,,,,,
,Sn,PH3,11483,,,,,,,
,Sn,PH3,11483,,,H,,,,
,Sn,PH3,11483,,,,,,,
,Sn,PH3,11483,,,,,,,
,Sn,PH3,11483,,,,,,,
,Sn,PH3,11483,,,H,,,,
,Sn,PH3,11483,,,H,,,,
,Sn,PH3,11483,,,H,,,,
,Sn,PH3,11483,,,F,,,,
,Sn,PH3,11483,,,,,,,
,Sn,PH3,11483,,,,,,,
,Sn,PH3,11483,,,,,,,
,Sn,PH3,11483,,,,,,,
,Sn,PH3,11483,,,F,,,,
,Sn,PH3,11483,,,,,,,
,Sn,PH3,11483,,,,,,,
,Sn,PH3,11483,,,,,,,
,Sn,PH3,11483,,,,,,,
,Sn,PH3,11483,,,,,,,
,Sn,PH3,11483,,,,,,,
,Sn,PH3,11483,,,,,,,
,Sn,PH3,11483,,,,,,,
,Sn,PH3,11483,,,,,,,
,Sn,PH3,11483,,,,,,,
,Sn,PH3,11483,,,,,,,
,Sn,PH3,11483,,,,,,,
,Sn,PH3,11483,,,,,,,
,Sn,PH3,11483,,,,,,,
,Sn,PH3,11483,,,,,,,
,Sn,PH3,11483,,,,,,,
,Sn,PH3,11483,,,,,,,
,Sn,PH3,11483,,,F?,,,,
,Sn,PH3,11483,,,,,,,
,Sn,PH3,11483,,,F?,,,,
,Sn,PH3,11483,,,,,,,
,Sn,PH3,11483,,,,,,,
,Sn,PH3,11483,,,,,,,
,Sn,PH3,11483,,,,,,,
,Sn,PH3,11483,,,,,,,
,Sn,PH3,11483,,,,,,,
,Sn,PH3,11483,,,,,,,
,Sn,PH3,11483,,,F,,,,
,Sn,PH3,11483,,,F,,,,
,Sn,PH3,11483,,,H,,,,
,Sn,PH3,11483,,,H,,,,
,Sn,PH3,11483,,,H,,,,
,Sn,PH3,11483,,,F,,,,
,Sn,PH3,11483,,,,,,,
,Sn,PH3,11483,,,H,,,,
,Sn,PH3,11483,,,,,,,
,Sn,PH3,11483,,,,,,,
,Sn,PH3,11483,,,,,,,
,Sn,PH3,11483,,,F?,,,,
,Sn,PH3,11483,,,F,,,,
,Sn,PH3,11483,,,,,,,
,Sn,PH3,11483,,,,,,,
,Sn,PH3,11483,,,,,,,
,Sn,PH3,11483,,,,,,,
,Sn,PH3,11483,,,,,,,
,Sn,PH3,11483,,,H,,,,
,Sn,PH3,11483,,,,,,,
,Sn,PH3,11483,,,,,,,
,Sn,PH3,11483,,,,,,,
,Sn,PH3,11483,,,,,,,
,Sn,PH3,11483,,,,,,,
,Sn,PH3,11483,,,H,,,,
,Sn,PH3,11483,,,,,,,
,Sn,PH3,11483,,,H ,,,,
,Sn,PH3,11483,,,H?,,,,
,Sn,PH3,11483,,,,,,,
,Sn,PH3,11483,,,,,,,
,Sn,PH3,11483,,,,,,,
,Sn,PH3,11483,,,,,,,
,Sn,PH3,11483,,,,,,,
,Sn,PH3,11483,,,,,,,
,Sn,PH3,11483,,,,,,,
,Sn,PH3,11483,,,,,,,
,Sn,PH3,11483,,,,,,,
,Sn,PH3,11483,,,,,,,
,Sn,PH3,11483,,,,,,,
,Sn,PH3,11483,,,F,,,,
,Sn,PH3,11483,,,,,,,
,Sn,PH3,11483,,,,,,,
,Sn,PH3,11483,,,,,,,
,Sn,PH3,11483,,,H,,,,
,Sn,PH3,11483,,,F,,,,
,Sn,PH3,11483,,,H?,,,,
,Mn,PH3,11483,,,H,,,,
,Mn,PH3,11483,,,H,,,,
,Sn,PH3,11483,,,F,,,,
,Sn,PH3,11483,,,H?,,,,
,Sn,PH3,11483,,,F,,,,
,Mn,PH3,11483,,,H,,,,
,Ph,PH3,11483,,,,,,,
,Mn,PH3,11483,,,H,,,,
,Ph,PH3,11483,,,,,,,
,Mn,PH3,11483,,,H,,,,
,Ph,PH3,11483,,,,,,,
,Ph,PH3,11483,,,,,,,
,Mn,PH3,11483,,,H,,,,
,Mn,PH3,11483,,,H,,,,
,Ph,PH3,11483,,,,,,,
,Ph,PH3,11483,,,,,,,
,Mn,PH3,11483,,,H,,,,
,Mn,PH3,11483,,,H,,,,
,Mn,PH3,11483,,,H,,,,
,Mn,PH3,11483,,,H,,,,
,Ph,PH3,11483,,,,,,,
,Ph,PH3,11483,,,,,,,
,Mn,PH3,11483,,,H,,,,
,Ph,PH3,11483,,,,,,,
,Mn,PH3,11483,,,H,,,,
,Sn,PH3,11483,,,H,,,,
,Ph,PH3,11483,,,,,,,
,Ph,PH3,11483,,,,,,,
,Mn,PH3,11483,,,H,,,,
,Ph,PH3,11483,,,,,,,
,Ph,PH3,11483,,,,,,,
,Ph,PH3,11483,,,,,,,
,Mn,PH3,11483,,,H,,,,
,Ph,PH3,11483,,,,,,,
,Mn,PH3,11483,,,,,,,
,Ph,PH3,11483,,,,,,,
,Mn,PH3,11483,,,,,,,
,Mn,PH3,11483,,,,,,,
,Ph,PH3,11483,,,,,,,
,Mn,PH3,11483,,,H,,,,
,Mn,PH3,11483,,,H,,,,
,Mn,PH3,11483,,,H,,,,
,Mn,PH3,11483,,,H,,,,
,Mn,PH3,11483,,,F?,,,,
,Mn,PH3,11483,,,,,,,
,Mn,PH3,11483,,,,,,,
,Mn,PH3,11483,,,H,,,,
,Mn,PH3,11483,,,H,,,,
,Mn,PH3,11483,,,H,,,,
,Mn,PH3,11483,,,H,,,,
,Ph,PH3,11483,,,,,,,
,Mn,PH3,11483,,,,,,,
,Ph,PH3,11483,,,,,,,
,Mn,PH3,11483,,,H,,,,
,Mn,PH3,11483,,,,,,,
,Mn,PH3,11483,,,H,,,,
,Mn,PH3,11483,,,,,,,
,Mn,PH3,11483,,,H,,,,
,Mn,PH3,11483,,,H,,,,
,Sn,PH3,11483,,,F,,,,
,Sn,PH3,11483,,,F,,,,
,Sn,PH3,11483,,,H?,,,,
,Sn,PH3,11483,,,F?,,,,
,Mn,PH3,11483,,,,,,,
,Sn,PH3,11483,,,H,,,,
,Mn,PH3,11483,,,H,,,,
,Mn,PH3,11483,,,H,,,,
,Ph,PH3,11483,,,,,,,
,Mn,PH3,11483,,,H,,,,
,Mn,PH3,11483,,,H,,,,
,Sn,PH3,11483,,,H ,,,,
,Mn,PH3,11483,,,,,,,
,Ph,PH3,11483,,,,,,,
,Sn,PH3,11483,,,H,,,,
,Ph,PH3,11483,,,,,,,
,Ph,PH3,11483,,,,,,,
,Ph,PH3,11483,,,,,,,
,Ph,PH3,11483,,,,,,,
,Ph,PH3,11483,,,,,,,
,Ph,PH3,11483,,,,,,,
,Mn,PH3,11483,,,H,,,,
,Ph,PH3,11483,,,,,,,
,Ph,PH3,11483,,,,,,,
,Mn,PH3,11483,,,,,,,
,Ph,PH3,11483,,,,,,,
,Mn,PH3,11483,,,,,,,
,Mn,PH3,11483,,,,,,,
,Ph,PH3,11483,,,,,,,
,Mn,PH3,11483,,,,,,,
,Mn,PH3,11483,,,H,,,,
,Sn,PH3,11483,,,F,,,,
,Ph,PH3,11483,,,,,,,
,Ph,PH3,11483,,,,,,,
,Ph,PH3,11483,,,,,,,
,Sn,PH3,11483,,,H,,,,
,Ph,PH3,11483,,,,,,,
,Sn,PH3,11483,,,H,,,,
,Ph,PH3,11483,,,,,,,
,Ph,PH3,11483,,,,,,,
,Mn,PH3,11483,,,H,,,,
,Sn,PH3,11483,,,F,,,,
,Mn,PH3,11483,,,H,,,,
,Sn,PH3,11483,,,F,,,,
,Mn,PH3,11483,,,H,,,,
,Sn,PH3,11483,,,,,,,
,Ph,PH3,11483,,,,,,,
,Ph,PH3,11483,,,,,,,
,Mn,PH3,11483,,,H,,,,
,Sn,PH3,11483,,,,,,,
,Mn,PH3,11483,,,,,,,
,Mn,PH3,11483,,,H,,,,
,Mn,PH3,11483,,,,,,,
,Mn,PH3,11483,,,H,,,,
,Mn,PH3,11483,,,,,,,
,Mn,PH3,11483,,,,,,,
,Ph,PH3,11483,,,,,,,
,Sn,PH3,11483,,,H,,,,
,Ph,PH3,11483,,,,,,,
,Ph,PH3,11483,,,,,,,
,Mn,PH3,11483,,,H,,,,
,Ph,PH3,11483,,,,,,,
,Ph,PH3,11483,,,,,,,
,Sn,PH3,11483,,,,,,,
,Ph,PH3,11483,,,,,,,
,Ph,PH3,11483,,,,,,,
,Mn,PH3,11483,,,H,,,,
,Ph,PH3,11483,,,,,,,
,Sn,PH3,11483,,,F,,,,
,Sn,PH3,11483,,,F,,,,
,Ph,PH3,11483,,,,,,,
,Ph,PH3,11483,,,,,,,
,Ph,PH3,11483,,,,,,,
,Mn,PH3,11483,,,H,,,,
,Ph,PH3,11483,,,,,,,
,Ph,PH3,11483,,,,,,,
,Ph,PH3,11483,,,,,,,
,Ph,PH3,11483,,,,,,,
,Ph,PH3,11483,,,,,,,
,Mn,PH3,11483,,,H,,,,
,Ph,PH3,11483,,,,,,,
,Ph,PH3,11483,,,,,,,
,Ph,PH3,11483,,,,,,,
,Ph,PH3,11483,,,,,,,
,Sn,PH3,11483,,,,,,,
,Mn,PH3,11483,,,H,,,,
,Ph,PH3,11483,,,,,,,
,Ph,PH3,11483,,,,,,,
,Ph,PH3,11483,,,,,,,
,Mn,PH3,11483,,,,,,,
,Mn,PH3,11483,,,,,,,
,Ph,PH3,11483,,,,,,,
,Mn,PH3,11483,,,,,,,
,Ph,PH3,11483,,,,,,,
,Mn,PH3,11483,,,H,,,,
,Mn,PH3,11483,,,H,,,,
,Mn,PH3,11483,,,H,,,,
,Sn,PH3,11483,,,"F,H",,,,
,Sn,PH3,11483,,,,,,,
,Mn,PH3,11483,,,H,,,,
,Ph,PH3,11483,,,,,,,
,Ph,PH3,11483,,,,,,,
,Ph,PH3,11483,,,,,,,
,Ph,PH3,11483,,,,,,,
,Ph,PH3,11483,,,,,,,
,Mn,PH3,11483,,,H,,,,
,Mn,PH3,11483,,,H,,,,
,Ph,PH3,11483,,,,,,,
,Ph,PH3,11483,,,,,,,
,Ph,PH3,11483,,,,,,,
,Mn,PH3,11483,,,H,,,,
,Mn,PH3,11483,,,H,,,,
,Mn,PH3,11483,,,H,,,,
,Ph,PH3,11483,,,,,,,
,Ph,PH3,11483,,,,,,,
,Mn,PH3,11483,,,H,,,,
,Mn,PH3,11483,,,H,,,,
,Mn,PH3,11483,,,H,,,,
,Mn,PH3,11483,,,H,,,,
,Mn,PH3,11483,,,H,,,,
,Sn,PH3,11483,,,F,,,,
,Mn,PH3,11483,,,H,,,,
,Mn,PH3,11483,,,H,,,,
,Ph,PH3,11483,,,,,,,
,Mn,PH3,11483,,,H,,,,
,Mn,PH3,11483,,,H,,,,
,Ph,PH3,11483,,,,,,,
,Mn,PH3,11483,,,H,,,,
,Ph,PH3,11483,,,,,,,
,Sn,PH3,11483,,,,,,,
,Sn,PH3,11483,,,F,,,,
,Ph,PH3,11483,,,,,,,
,Ph,PH3,11483,,,,,,,
,Mn,PH3,11483,,,H,,,,
,Sn,PH3,11483,,,,,,,
,Sn,PH3,11483,,,F,,,,
,Sn,PH3,11483,,,,,,,
,Mn,PH3,11483,,,H,,,,
,Sn,PH3,11483,,,H,,,,
,Sn,PH3,11483,,,H,,,,
,Sn,PH3,11483,,,,,,,
,Sn,PH3,11483,,,,,,,
,Ph,PH3,11483,,,,,,,
,Sn,PH3,11483,,,,,,,
,Mn,PH3,11483,,,H,,,,
,Mn,PH3,11483,,,H,,,,
,Sn,PH3,11483,,,,,,,
,Ph,PH3,11483,,,,,,,
,Ph,PH3,11483,,,,,,,
,Mn,PH3,11483,,,H,,,,
,Ph,PH3,11483,,,,,,,
,Sn,PH3,11483,,,,,,,
,Sn,PH3,11483,,,H?,,,,
,Mn,PH3,11483,,,H,,,,
,Mn,PH3,11483,,,H,,,,
,Ph,PH3,11483,,,,,,,
,Sn,PH3,11483,,,,,,,
,Ph,PH3,11483,,,,,,,
,Sn,PH3,11483,,,F,,,,
,Ph,PH3,11483,,,,,,,
,Ph,PH3,11483,,,,,,,
,Mn,PH3,11483,,,H,,,,
,Mn,PH3,11483,,,H,,,,
,Mn,PH3,11483,,,,,,,
,Mn,PH3,11483,,,H,,,,
,Ph,PH3,11483,,,,,,,
,Ph,PH3,11483,,,,,,,
,Ph,PH3,11483,,,,,,,
,Mn,PH3,11483,,,H,,,,
,Ph,PH3,11483,,,,,,,
,Mn,PH3,11483,,,,,,,
,Ph,PH3,11483,,,,,,,
,Ph,PH3,11483,,,,,,,
,Ph,PH3,11483,,,,,,,
,Ph,PH3,11483,,,,,,,
,Ph,PH3,11483,,,,,,,
,Sn,PH3,11483,,,F,,,,
,Sn,PH3,11483,,,H?,,,,
,Ph,PH3,11483,,,,,,,
,Ph,PH3,11483,,,,,,,
,Mn,PH3,11483,,,H,,,,
,Mn,PH3,11483,,,,,,,
,Ph,PH3,11483,,,,,,,
,Mn,PH3,11483,,,H,,,,
,Ph,PH3,11483,,,,,,,
,Mn,PH3,11483,,,H,,,,
,Ph,PH3,11483,,,,,,,
,Ph,PH3,11483,,,,,,,
,Ph,PH3,11483,,,,,,,
,Ph,PH3,11483,,,,,,,
,Ph,PH3,11483,,,,,,,
,Ph,PH3,11483,,,,,,,
,Mn,PH3,11483,,,,,,,
,Mn,PH3,11483,,,H,,,,
,Mn,PH3,11483,,,H,,,,
,Ph,PH3,11483,,,,,,,
,Mn,PH3,11483,,,H?,,,,
,Ph,PH3,11483,,,,,,,
,Ph,PH3,11483,,,,,,,
,Ph,PH3,11483,,,,,,,
,Mn,PH3,11483,,,H,,,,
,Mn,PH3,11483,,,H,,,,
,Ph,PH3,11483,,,,,,,
,Ph,PH3,11483,,,,,,,
,Mn,PH3,11483,,,H,,,,
,Mn,PH3,11483,,,H,,,,
,Ph,PH3,11483,,,,,,,
,Ph,PH3,11483,,,,,,,
,Ph,PH3,11483,,,,,,,
,Ph,PH3,11483,,,,,,,
,Mn,PH3,11483,,,,,,,
,Mn,PH3,11483,,,H,,,,
,Mn,PH3,11483,,,H,,,,
,Mn,PH3,11483,,,H,,,,
,Mn,PH3,11483,,,,,,,
,Sn,PH3,11483,,,,,,,
,Mn,PH3,11483,,,H,,,,
,Sn,PH3,11483,,,,,,,
,Ph,PH3,11483,,,,,,,
,Sn,PH3,11483,,,,,,,
,Mn,PH3,11483,,,H,,,,
,Sn,PH3,11483,,,H,,,,
,Sn,PH3,11483,,,,,,,
,Sn,PH3,11483,,,F?,,,,
,Mn,PH3,11483,,,,,,,
,Mn,PH3,11483,,,H,,,,
,Sn,PH3,11483,,,F,,,,
,Ph,PH3,11483,,,,,,,
,Ph,PH3,11483,,,,,,,
,Mn,PH3,11483,,,H,,,,
,Ph,PH3,11483,,,,,,,
,Sn,PH3,11483,,,,,,,
,Sn,PH3,11483,,,H,,,,
,Sn,PH3,11483,,,H?,,,,
,Sn,PH3,11483,,,H,,,,
,Sn,PH3,11483,,,H,,,,
,Sn,PH3,11483,,,F,,,,
,Ph,PH3,11483,,,,,,,
,Sn,PH3,11483,,,H,,,,
,Mn,PH3,11483,,,H,,,,
,Mn,PH3,11483,,,H,,,,
,Ph,PH3,11483,,,,,,,
,Sn,PH3,11483,,,H,,,,
,Mn,PH3,11483,,,F,,,,
,Ph,PH3,11483,,,,,,,
,Mn,PH3,11483,,,,,,,
,Ph,PH3,11483,,,,,,,
,Mn,PH3,11483,,,H,,,,
,Mn,PH3,11483,,,F,,,,
,Ph,PH3,11483,,,,,,,
,Mn,PH3,11483,,,F,,,,
,Mn,PH3,11483,,,H,,,,
,Mn,PH3,11483,,,H,,,,
,Mn,PH3,11483,,,,,,,
,Sn,PH3,11483,,,H?,,,,
,Mn,PH3,11483,,,,,,,
,Mn,PH3,11483,,,H,,,,
,Sn,PH3,11483,,,H,,,,
,Mn,PH3,11483,,,,,,,
,Sn,PH3,11483,,,F,,,,
,Sn,PH3,11483,,,F,,,,
,Mn,PH3,11483,,,H,,,,
,Mn,PH3,11483,,,,,,,
,Ph,PH3,11483,,,,,,,
,Ph,PH3,11483,,,,,,,
,Ph,PH3,11483,,,,,,,
,Sn,PH3,11483,,,H,,,,
,Sn,PH3,11483,,,H,,,,
,Ph,PH3,11483,,,,,,,
,Ph,PH3,11483,,,,,,,
,Ph,PH3,11483,,,,,,,
,Mn,PH3,11483,,,H,,,,
,Ph,PH3,11483,,,,,,,
,Ph,PH3,11483,,,,,,,
,Sn,PH3,11483,,,F,,,,
,Sn,PH3,11483,,,F,,,,
,Sn,PH3,11483,,,H,,,,
,Sn,PH3,11483,,,,,,,
,Ph,PH3,11483,,,,,,,
,Ph,PH3,11483,,,,,,,
,Ph,PH3,11483,,,,,,,
,Ph,PH3,11483,,,,,,,
,Ph,PH3,11483,,,,,,,
,Ph,PH3,11483,,,,,,,
,Ph,PH3,11483,,,,,,,
,Ph,PH3,11483,,,,,,,
,Sn,PH3,11483,,,F?,,,,
,Ph,PH3,11483,,,,,,,
,Ph,PH3,11483,,,,,,,
,Mn,PH3,11483,,,H,,,,
,Sn,PH3,11483,,,H,,,,
,Sn,PH3,11483,,,F?,,,,
,Mn,PH3,11483,,,H,,,,
,Mn,PH3,11483,,,H,,,,
,Sn,PH3,11483,,,H,,,,
,Sn,PH3,11483,,,,,,,
,Sn,PH3,11483,,,F,,,,
,Sn,PH3,11483,,,F,,,,
,Mn,PH3,11483,,,H,,,,
,Mn,PH3,11483,,,H,,,,
,Sn,PH3,11483,,,H?,,,,
,Sn,PH3,11483,,,F,,,,
,Mn,PH3,11483,,,H,,,,
,Ph,PH3,11483,,,,,,,
,Sn,PH3,11483,,,F,,,,
,Sn,PH3,11483,,,F,,,,
,Sn,PH3,11483,,,F,,,,
,Ph,PH3,11483,,,,,,,
,Ph,PH3,11483,,,,,,,
,Sn,PH3,11483,,,,,,,
,Sn,PH3,11483,,,F?,,,,
,Ph,PH3,11483,,,,,,,
,Mn,PH3,11483,,,H,,,,
,Mn,PH3,11483,,,H,,,,
,Mn,PH3,11483,,,F,,,,
,Sn,PH3,11483,,,H?,,,,
,Sn,PH3,11483,,,,,,,
,Sn,PH3,11483,,,,,,,
,Mn,PH3,11483,,,F,,,,
,Mn,PH3,11483,,,,,,,
,Ph,PH3,11483,,,,,,,
,Ph,PH3,11483,,,,,,,
,Mn,PH3,11483,,,,,,,
,Mn,PH3,11483,,,,,,,
,Ph,PH3,11483,,,,,,,
,Ph,PH3,11483,,,,,,,
,Mn,PH3,11483,,,H,,,,
,Sn,PH3,11483,,,F?,,,,
,Ph,PH3,11483,,,,,,,
,Sn,PH3,11483,,,H,,,,
,Sn,PH3,11483,,,H,,,,
,Mn,PH3,11483,,,H,,,,
,Sn,PH3,11483,,,,,,,
,Sn,PH3,11483,,,H,,,,
,Sn,PH3,11483,,,F,,,,
,Mn,PH3,11483,,,H,,,,
,Sn,PH3,11483,,,,,,,
,Ph,PH3,11483,,,,,,,
,Mn,PH3,11483,,,H,,,,
,Sn,PH3,11483,,,H?,,,,
,Mn,PH3,11483,,,H,,,,
,Mn,PH3,11483,,,H,,,,
,Sn,PH3,11483,,,,,,,
,Sn,PH3,11483,,,,,,,
,Sn,PH3,11483,,,H,,,,
,Sn,PH3,11483,,,F,,,,
,Sn,PH3,11483,,,H?,,,,
,Sn,PH3,11483,,,F,,,,
,Sn,PH3,11483,,,H,,,,
,Sn,PH3,11483,,,H?,,,,
,Ph,PH3,11483,,,,,,,
,Mn,PH3,11483,,,H,,,,
,Mn,PH3,11483,,,F,,,,
,Ph,PH3,11483,,,,,,,
,Sn,PH3,11483,,,H,,,,
,Ph,PH3,11483,,,,,,,
,Sn,PH3,11483,,,,,,,
,Sn,PH3,11483,,,F?,,,,
,Sn,PH3,11483,,,F,,,,
,Sn,PH3,11483,,,H,,,,
,Sn,PH3,11483,,,H,,,,
,Ph,PH3,11483,,,,,,,
,Ph,PH3,11483,,,,,,,
,Mn,PH3,11483,,,H,,,,
,Mn,PH3,11483,,,H,,,,
,Ph,PH3,11483,,,,,,,
,Mn,PH3,11483,,,H,,,,
,Sn,PH3,11483,,,,,,,
,Mn,PH3,11483,,,,,,,
,Mn,PH3,11483,,,H,,,,
,Mn,PH3,11483,,,H,,,,
,Mn,PH3,11483,,,H,,,,
,Ph,PH3,11483,,,,,,,
,Ph,PH3,11483,,,,,,,
,Ph,PH3,11483,,,,,,,
,Ph,PH3,11483,,,,,,,
,Ph,PH3,11483,,,,,,,
,Ph,PH3,11483,,,,,,,
,Sn,PH3,11483,,,F,,,,
,Mn,PH3,11483,,,F,,,,
,Mn,PH3,11483,,,H,,,,
,Mn,PH3,11483,,,H,,,,
,Mn,PH3,11483,,,H,,,,
,Ph,PH3,11483,,,,,,,
,Mn,PH3,11483,,,,,,,
,Ph,PH3,11483,,,,,,,
,Mn,PH3,11483,,,H,,,,
,Sn,PH3,11483,,,,,,,
,Mn,PH3,11483,,,H,,,,
,Mn,PH3,11483,,,F,,,,
,Mn,PH3,11483,,,,,,,
,Mn,PH3,11483,,,H,,,,
,Mn,PH3,11483,,,H,,,,
,Mn,PH3,11483,,,H,,,,
,Mn,PH3,11483,,,H,,,,
,Mn,PH3,11483,,,F,,,,
,Mn,PH3,11483,,,H,,,,
,Mn,PH3,11483,,,H,,,,
,Mn,PH3,11483,,,H,,,,
,Mn,PH3,11483,,,H,,,,
,Mn,PH3,11483,,,H?,,,,
,Mn,PH3,11483,,,H,,,,
,Mn,PH3,11483,,,H,,,,
,Mn,PH3,11483,,,H,,,,
,Mn,PH3,11483,,,H,,,,
,Ph,PH3,11483,,,,,,,
,Ph,PH3,11483,,,,,,,
,Ph,PH3,11483,,,,,,,
,Mn,PH3,11483,,,H,,,,
,Ph,PH3,11483,,,,,,,
,Ph,PH3,11483,,,,,,,
,Ph,PH3,11483,,,,,,,
,Mn,PH3,11483,,,H,,,,
,Ph,PH3,11483,,,,,,,
,Ph,PH3,11483,,,,,,,
,Sn,PH3,11483,,,,,,,
,Sn,PH3,11483,,,,,,,
,Sn,PH3,11483,,,F,,,,
,Ph,PH3,11483,,,,,,,
,Sn,PH3,11483,,,"H,F",,,,
,Sn,PH3,11483,,,,,,,
,Sn,PH3,11483,,,F,,,,
,Sn,PH3,11483,,,F,,,,
,Sn,PH3,11483,,,H,,,,
,Sn,PH3,11483,,,"H,F",,,,
,Sn,PH3,11483,,,,,,,
,Sn,PH3,11483,,,H,,,,
,Sn,PH3,11483,,,H,,,,
,Sn,PH3,11483,,,"H,F",,,,
,Sn,PH3,11483,,,,,,,
,Sn,PH3,11483,,,H,,,,
,Sn,PH3,11483,,,H,,,,
,Sn,PH3,11483,,,H,,,,
,Sn,PH3,11483,,,,,,,
,Sn,PH3,11483,,,H,,,,
,Ph,PH3,11483,,,,,,,
,Ph,PH3,11483,,,,,,,
,Sn,PH3,11483,,,F,,,,
,Sn,PH3,11483,,,,,,,
,Mn,PH3,11483,,,H,,,,
,Sn,PH3,11483,,,H,,,,
,Ph,PH3,11483,,,,,,,
,Ph,PH3,11483,,,,,,,
,Ph,PH3,11483,,,,,,,
,Sn,PH3,11483,,,F,,,,
,Ph,PH3,11483,,,,,,,
,Sn,PH3,11483,,,,,,,
,Sn,PH3,11483,,,F,,,,
,Sn,PH3,11483,,,H,,,,
,Sn,PH3,11483,,,H,,,,
,Sn,PH3,11483,,,H,,,,
,Sn,PH3,11483,,,H,,,,
,Sn,PH3,11483,,,"H,F",,,,
,Sn,PH3,11483,,,,,,,
,Ph,PH3,11483,,,,,,,
,Sn,PH3,11483,,,,,,,
,Sn,PH3,11483,,,H,,,,
,Sn,PH3,11483,,,H,,,,
,Mn,PH3,11483,,,H,,,,
,Mn,PH3,11483,,,H,,,,
,Ph,PH3,11483,,,,,,,
,Ph,PH3,11483,,,,,,,
,Ph,PH3,11483,,,,,,,
,Mn,PH3,11483,,,H,,,,
,Sn,PH3,11483,,,H,,,,
,Sn,PH3,11483,,,,,,,
,Sn,PH3,11483,,,H,,,,
,Sn,PH3,11483,,,,,,,
,Sn,PH3,11483,,,F,,,,
,Sn,PH3,11483,,,,,,,
,Sn,PH3,11483,,,,,,,
,Sn,PH3,11483,,,,,,,
,Mn,PH3,11483,,,H,,,,
,Mn,PH3,11483,,,H,,,,
,Sn,PH3,11483,,,H,,,,
,Sn,PH3,11483,,,H,,,,
,Sn,PH3,11483,,,H?,,,,
,Ph,PH3,11483,,,,,,,
,Mn,PH3,11483,,,H,,,,
,Sn,PH3,11483,,,F,,,,
,Sn,PH3,11483,,,,,,,
,Sn,PH3,11483,,,,,,,
,Ph,PH3,11483,,,,,,,
,Mn,PH3,11483,,,H,,,,
,Ph,PH3,11483,,,,,,,
,Mn,PH3,11483,,,H,,,,
,Mn,PH3,11483,,,H,,,,
,Mn,PH3,11483,,,H,,,,
,Ph,PH3,11483,,,,,,,
,Mn,PH3,11483,,,H,,,,
,Mn,PH3,11483,,,H,,,,
,Mn,PH3,11483,,,H,,,,
,Mn,PH3,11483,,,H,,,,
,Ph,PH3,11483,,,,,,,
,Ph,PH3,11483,,,,,,,
,Ph,PH3,11483,,,,,,,
,Ph,PH3,11483,,,,,,,
,Ph,PH3,11483,,,,,,,
,Ph,PH3,11483,,,,,,,
,Ph,PH3,11483,,,,,,,
,Mn,PH3,11483,,,,,,,
,Ph,PH3,11483,,,,,,,
,Ph,PH3,11483,,,,,,,
,Ph,PH3,11483,,,,,,,
,Ph,PH3,11483,,,,,,,
,Ph,PH3,11483,,,,,,,
,Ph,PH3,11483,,,,,,,
,Ph,PH3,11483,,,,,,,
,Mn,PH3,11483,,,H,,,,
,Mn,PH3,11483,,,,,,,
,Sn,PH4,11457,,,H,,,,
,Sn,PH4,11457,,,H,,,,
,Sn,PH4,11457,,,H,,,,
,Sn,PH4,11457,,,H,,,,
,Sn,PH4,11457,,,,,,,
,Sn,PH4,11457,,,F,,,,
,Sn,PH4,11457,,,H?,,,,
,Sn,PH4,11457,,,,,,,
,Sn,PH4,11457,,,,,,,
,Sn,PH4,11457,,,,,,,
,Sn,PH4,11457,,,H,,,,
,Sn,PH4,11457,,,H,,,,
,Sn,PH4,11457,,,,,,,
,Sn,PH4,11457,,,,,,,
,Sn,PH4,11457,,,F,,,,
,Sn,PH4,11457,,,H,,,,
,Sn,PH4,11457,,,F,,,,
,Sn,PH4,11457,,,,,,,
,Sn,PH4,11457,,,F,,,,
,Sn,PH4,11457,,,H,,,,
,Sn,PH4,11457,,,H,,,,
,Sn,PH4,11457,,,,,,,
,Sn,PH4,11457,,,,,,,
,Sn,PH4,11457,,,,,,,
,Sn,PH4,11457,,,H,,,,
,Sn,PH4,11457,,,H,,,,
,Sn,PH4,11457,,,,,,,
,Sn,PH4,11457,,,,,,,
,Sn,PH4,11457,,,H,,,,
,Sn,PH4,11457,,,H,,,,
,Sn,PH4,11457,,,H,,,,
,Sn,PH4,11457,,,H,,,,
,Sn,PH4,11457,,,H,,,,
,Sn,PH4,11457,,,H,,,,
,Mn,PH4,11457,,,H,,,,
,Sn,PH4,11457,,,H,,,,
,Ph,PH4,11457,,,,,,,
,Ph,PH4,11457,,,,,,,
,Mn,PH4,11457,,,H,,,,
,Ph,PH4,11457,,,,,,,
,Ph,PH4,11457,,,,,,,
,Ph,PH4,11457,,,,,,,
,Mn,PH4,11457,,,H,,,,
,Mn,PH4,11457,,,H,,,,
,Ph,PH4,11457,,,,,,,
,Ph,PH4,11457,,,,,,,
,Ph,PH4,11457,,,,,,,
,Ph,PH4,11457,,,,,,,
,Ph,PH4,11457,,,,,,,
,Ph,PH4,11457,,,,,,,
,Mn,PH4,11457,,,,,,,
,Ph,PH4,11457,,,,,,,
,Ph,PH4,11457,,,,,,,
,Ph,PH4,11457,,,,,,,
,Mn,PH4,11457,,,,,,,
,Mn,PH4,11457,,,H,,,,
,Mn,PH4,11457,,,H,,,,
,Mn,PH4,11457,,,H,,,,
,Mn,PH4,11457,,,,,,,
,Sn,PH4,11457,,,H,,,,
,Sn,PH4,11457,,,H,,,,
,Mn,PH4,11457,,,H,,,,
,Mn,PH4,11457,,,,,,,
,Mn,PH4,11457,,,H,,,,
,Mn,PH4,11457,,,H,,,,
,Mn,PH4,11457,,,,,,,
,Mn,PH4,11457,,,H,,,,
,Mn,PH4,11457,,,H,,,,
,Mn,PH4,11457,,,H,,,,
,Ph,PH4,11457,,,,,,,
,Mn,PH4,11457,,,H,,,,
,Mn,PH4,11457,,,H,,,,
,Ph,PH4,11457,,,,,,,
,Mn,PH4,11457,,,,,,,
,Ph,PH4,11457,,,,,,,
,Ph,PH4,11457,,,,,,,
,Mn,PH4,11457,,,,,,,
,Ph,PH4,11457,,,,,,,
,Mn,PH4,11457,,,,,,,
,Mn,PH4,11457,,,H,,,,
,Mn,PH4,11457,,,,,,,
,Ph,PH4,11457,,,,,,,
,Mn,PH4,11457,,,H,,,,
,Ph,PH4,11457,,,,,,,
,Ph,PH4,11457,,,,,,,
,Ph,PH4,11457,,,,,,,
,Ph,PH4,11457,,,,,,,
,Ph,PH4,11457,,,,,,,
,Ph,PH4,11457,,,,,,,
,Ph,PH4,11457,,,,,,,
,Ph,PH4,11457,,,,,,,
,Mn,PH4,11457,,,H,,,,
,Mn,PH4,11457,,,H,,,,
,Sn,PH4,11457,,,H,,,,
,Mn,PH4,11457,,,,,,,
,Mn,PH4,11457,,,H,,,,
,Mn,PH4,11457,,,,,,,
,Sn,PH4,11457,,,H,,,,
,Sn,PH4,11457,,,H,,,,
,Ph,PH4,11457,,,,,,,
,Mn,PH4,11457,,,H,,,,
,Mn,PH4,11457,,,F,,,,
,Ph,PH4,11457,,,,,,,
,Ph,PH4,11457,,,,,,,
,Ph,PH4,11457,,,,,,,
,Ph,PH4,11457,,,,,,,
,Ph,PH4,11457,,,,,,,
,Ph,PH4,11457,,,,,,,
,Ph,PH4,11457,,,,,,,
,Ph,PH4,11457,,,,,,,
,Mn,PH4,11457,,,,,,,
,Sn,PH4,11457,,,H,,,,
,Sn,PH4,11457,,,H,,,,
,Mn,PH4,11457,,,H,,,,
,Ph,PH4,11457,,,,,,,
,Ph,PH4,11457,,,,,,,
,Ph,PH4,11457,,,,,,,
,Ph,PH4,11457,,,,,,,
,Ph,PH4,11457,,,,,,,
,Ph,PH4,11457,,,,,,,
,Ph,PH4,11457,,,,,,,
,Ph,PH4,11457,,,,,,,
,Sn,PH4,11457,,,H,,,,
,Ph,PH4,11457,,,,,,,
,Mn,PH4,11457,,,H,,,,
,Ph,PH4,11457,,,,,,,
,Ph,PH4,11457,,,,,,,
,Mn,PH4,11457,,,F,,,,
,Mn,PH4,11457,,,F,,,,
,Mn,PH4,11457,,,H,,,,
,Mn,PH4,11457,,,F,,,,
,Mn,PH4,11457,,,H,,,,
,Sn,PH4,11457,,,,,,,
,Ph,PH4,11457,,,,,,,
,Mn,PH4,11457,,,H,,,,
,Ph,PH4,11457,,,,,,,
,Ph,PH4,11457,,,,,,,
,Ph,PH4,11457,,,,,,,
,Mn,PH4,11457,,,H,,,,
,Sn,PH4,11457,,,H,,,,
,Sn,PH4,11457,,,H,,,,
,Mn,PH4,11457,,,H,,,,
,Ph,PH4,11457,,,,,,,
,Sn,PH4,11457,,,F,,,,
,Sn,PH4,11457,,,F,,,,
,Sn,PH4,11457,,,H,,,,
,Ph,PH4,11457,,,,,,,
,Mn,PH4,11457,,,H,,,,
,Sn,PH4,11457,,,F,,,,
,Sn,PH4,11457,,,F,,,,
,Mn,PH4,11457,,,H,,,,
,Ph,PH4,11457,,,,,,,
,Sn,PH4,11457,,,H,,,,
,Ph,PH4,11457,,,,,,,
,Mn,PH4,11457,,,H,,,,
,Ph,PH4,11457,,,,,,,
,Ph,PH4,11457,,,,,,,
,Mn,PH4,11457,,,H,,,,
,Mn,PH4,11457,,,H,,,,
,Mn,PH4,11457,,,H,,,,
,Mn,PH4,11457,,,H,,,,
,Sn,PH4,11457,,,H,,,,
,Ph,PH4,11457,,,,,,,
,Mn,PH4,11457,,,H,,,,
,Sn,PH4,11457,,,H,,,,
,Sn,PH4,11457,,,H,,,,
,Mn,PH4,11457,,,H,,,,
,Mn,PH4,11457,,,H,,,,
,Ph,PH4,11457,,,,,,,
,Ph,PH4,11457,,,,,,,
,Ph,PH4,11457,,,,,,,
,Ph,PH4,11457,,,,,,,
,Ph,PH4,11457,,,,,,,
,Ph,PH4,11457,,,,,,,
,Sn,PH4,11457,,,F,,,,
,Ph,PH4,11457,,,,,,,
,Ph,PH4,11457,,,,,,,
,Ph,PH4,11457,,,,,,,
,Ph,PH4,11457,,,,,,,
,Ph,PH4,11457,,,,,,,
,Ph,PH4,11457,,,,,,,
,Sn,PH4,11457,,,H,,,,
,Ph,PH4,11457,,,,,,,
,Ph,PH4,11457,,,,,,,
,Ph,PH4,11457,,,,,,,
,Sn,PH4,11457,,,H,,,,
,Ph,PH4,11457,,,,,,,
,Ph,PH4,11457,,,,,,,
,Ph,PH4,11457,,,,,,,
,Ph,PH4,11457,,,,,,,
,Ph,PH4,11457,,,,,,,
,Ph,PH4,11457,,,,,,,
,Ph,PH4,11457,,,,,,,
,Ph,PH4,11457,,,,,,,
,Ph,PH4,11457,,,,,,,
,Sn,PH4,11457,,,,,,,
,Sn,PH4,11457,,,,,,,
,Sn,PH4,11457,,,F,,,,
,Sn,PH4,11457,,,,,,,
,Sn,PH4,11457,,,H,,,,
,Sn,PH4,11457,,,H,,,,
,Sn,PH4,11457,,,,,,,
,Sn,PH4,11457,,,,,,,
,Sn,PH4,11457,,,F,,,,
,Mn,PH4,11457,,,H,,,,
,Mn,PH4,11457,,,H,,,,
,Sn,PH4,11457,,,H,,,,
,Sn,PH4,11457,,,H?,,,,
,Sn,PH4,11457,,,H,,,,
,Mn,PH4,11457,,,H,,,,
,Mn,PH4,11457,,,H,,,,
,Mn,PH4,11457,,,H,,,,
,Mn,PH4,11457,,,H,,,,
,Ph,PH4,11457,,,,,,,
,Mn,PH4,11457,,,,,,,
,Ph,PH4,11457,,,,,,,
,Mn,PH4,11457,,,H,,,,
,Mn,PH4,11457,,,H,,,,
,Mn,PH4,11457,,,,,,,
,Ph,PH4,11457,,,,,,,
,Mn,PH4,11457,,,,,,,
,Mn,PH4,11457,,,H,,,,
,Mn,PH4,11457,,,H,,,,
,Mn,PH4,11457,,,H,,,,
,Ph,PH4,11457,,,,,,,
,Sn,PH4,11457,,,,,,,
,Sn,PH4,11457,,,H,,,,
,Sn,PH4,11457,,,H,,,,
,Sn,PH4,11457,,,,,,,
,Mn,PH4,11457,,,,,,,
,Sn,PH4,11457,,,,,,,
,Sn,PH4,11457,,,,,,,
,Sn,PH4,11457,,,,,,,
,Sn,PH4,11457,,,H?,,,,
,Ph,PH4,11457,,,,,,,
,Ph,PH4,11457,,,,,,,
,Sn,PH4,11457,,,,,,,
,Mn,PH4,11457,,,H,,,,
,Mn,PH4,11457,,,H,,,,
,Sn,PH4,11457,,,H,,,,
,Sn,PH4,11457,,,F,,,,
,Mn,PH4,11457,,,,,,,
,Mn,PH4,11457,,,H,,,,
,Mn,PH4,11457,,,,,,,
,Mn,PH4,11457,,,H,,,,
,Mn,PH4,11457,,,,,,,
,Mn,PH4,11457,,,H,,,,
,Mn,PH4,11457,,,H,,,,
,Mn,PH4,11457,,,H,,,,
,Mn,PH4,11457,,,H,,,,
,Mn,PH4,11457,,,H,,,,
,Mn,PH4,11457,,,H,,,,
,Mn,PH4,11457,,,H,,,,
,Ph,PH4,11457,,,,,,,
,Ph,PH4,11457,,,,,,,
,Ph,PH4,11457,,,,,,,
,Mn,PH4,11457,,,H,,,,
,Ph,PH4,11457,,,,,,,
,Mn,PH4,11457,,,H,,,,
,Ph,PH4,11457,,,,,,,
,Ph,PH4,11457,,,,,,,
,Mn,PH4,11457,,,H,,,,
,Mn,PH4,11457,,,H,,,,
,Mn,PH4,11457,,,H,,,,
,Ph,PH4,11457,,,,,,,
,Ph,PH4,11457,,,,,,,
,Ph,PH4,11457,,,,,,,
,Mn,PH4,11457,,,H,,,,
,Mn,PH4,11457,,,H,,,,
,Ph,PH4,11457,,,,,,,
,Mn,PH4,11457,,,H,,,,
,Ph,PH4,11457,,,,,,,
,Ph,PH4,11457,,,,,,,
,Mn,PH4,11457,,,H,,,,
,Mn,PH4,11457,,,,,,,
,Ph,PH4,11457,,,,,,,
,Ph,PH4,11457,,,,,,,
,Mn,PH4,11457,,,H,,,,
,Mn,PH4,11457,,,H,,,,
,Mn,PH4,11457,,,H,,,,
,Mn,PH4,11457,,,H,,,,
,Ph,PH4,11457,,,,,,,
,Ph,PH4,11457,,,,,,,
,Ph,PH4,11457,,,,,,,
,Mn,PH4,11457,,,,,,,
,Mn,PH4,11457,,,,,,,
,Ph,PH4,11457,,,,,,,
,Ph,PH4,11457,,,,,,,
,Ph,PH4,11457,,,,,,,
,Ph,PH4,11457,,,,,,,
,Mn,PH4,11457,,,F,,,,
,Ph,PH4,11457,,,,,,,
,Ph,PH4,11457,,,,,,,
,Ph,PH4,11457,,,,,,,
,Ph,PH4,11457,,,,,,,
,Ph,PH4,11457,,,,,,,
,Ph,PH4,11457,,,,,,,
,Mn,PH4,11457,,,H,,,,
,Mn,PH4,11457,,,H,,,,
,Ph,PH4,11457,,,,,,,
,Mn,PH4,11457,,,H,,,,
,Ph,PH4,11457,,,,,,,
,Ph,PH4,11457,,,,,,,
,Ph,PH4,11457,,,,,,,
,Ph,PH4,11457,,,,,,,
,Mn,PH4,11457,,,H,,,,
,Mn,PH4,11457,,,H,,,,
,Mn,PH4,11457,,,H,,,,
,Mn,PH4,11457,,,H,,,,
,Mn,PH4,11457,,,H,,,,
,Mn,PH4,11457,,,H,,,,
,Mn,PH4,11457,,,H,,,,
,Mn,PH4,11457,,,H,,,,
,Mn,PH4,11457,,,H,,,,
,Ph,PH4,11457,,,,,,,
,Ph,PH4,11457,,,,,,,
,Ph,PH4,11457,,,,,,,
,Mn,PH4,11457,,,,,,,
,Mn,PH4,11457,,,H,,,,
,Mn,PH4,11457,,,H,,,,
,Mn,PH4,11457,,,H,,,,
,Mn,PH4,11457,,,H,,,,
,Mn,PH4,11457,,,H,,,,
,Mn,PH4,11457,,,H,,,,
,Mn,PH4,11457,,,,,,,
,Mn,PH4,11457,,,H,,,,
,Mn,PH4,11457,,,F,,,,
,Mn,PH4,11457,,,H,,,,
,Sn,PH4,11457,,,,,,,
,Mn,PH4,11457,,,H,,,,
,Mn,PH4,11457,,,H,,,,
,Mn,PH4,11457,,,H,,,,
,Mn,PH4,11457,,,,,,,
,Mn,PH4,11457,,,H,,,,
,Mn,PH4,11457,,,H,,,,
,Mn,PH4,11457,,,H,,,,
,Ph,PH4,11457,,,,,,,
,Mn,PH4,11457,,,H,,,,
,Mn,PH4,11457,,,H,,,,
,Ph,PH4,11457,,,,,,,
,Ph,PH4,11457,,,,,,,
,Ph,PH4,11457,,,,,,,
,Sn,PH4,11457,,,H,,,,
,Ph,PH4,11457,,,,,,,
,Sn,PH4,11457,,,H,,,,
,Mn,PH4,11457,,,H,,,,
,Mn,PH4,11457,,,,,,,
,Sn,PH4,11457,,,H,,,,
,Sn,PH4,11457,,,H,,,,
,Mn,PH4,11457,,,F,,,,
,Sn,PH4,11457,,,F,,,,
,Sn,PH4,11457,,,,,,,
,Sn,PH4,11457,,,F,,,,
,Mn,PH4,11457,,,,,,,
,Mn,PH4,11457,,,H,,,,
,Sn,PH4,11457,,,H,,,,
,Sn,PH4,11457,,,F,,,,
,Sn,PH4,11457,,,,,,,
,Sn,PH4,11457,,,,,,,
,Sn,PH4,11457,,,,,,,
,Sn,PH4,11457,,,,,,,
,Mn,PH4,11457,,,H,,,,
,Sn,PH4,11457,,,,,,,
,Mn,PH4,11457,,,,,,,
,Sn,PH4,11457,,,H,,,,
,Ph,PH4,11457,,,,,,,
,Mn,PH4,11457,,,H,,,,
,Ph,PH4,11457,,,,,,,
,Mn,PH4,11457,,,H,,,,
,Mn,PH4,11457,,,H,,,,
,Sn,PH4,11457,,,H,,,,
,Sn,PH4,11457,,,,,,,
,Sn,PH4,11457,,,F,,,,
,Sn,PH4,11457,,,,,,,
,Sn,PH4,11457,,,,,,,
,Ph,PH4,11457,,,,,,,
,Sn,PH4,11457,,,,,,,
,Ph,PH4,11457,,,,,,,
,Sn,PH4,11457,,,F,,,,
,Mn,PH4,11457,,,H,,,,
,Ph,PH4,11457,,,,,,,
,Ph,PH4,11457,,,,,,,
,Ph,PH4,11457,,,,,,,
,Ph,PH4,11457,,,,,,,
,Ph,PH4,11457,,,,,,,
,Mn,PH4,11457,,,H,,,,
,Ph,PH4,11457,,,,,,,
,Ph,PH4,11457,,,,,,,
,Ph,PH4,11457,,,,,,,
,Mn,PH4,11457,,,,,,,
,Ph,PH4,11457,,,,,,,
,Ph,PH4,11457,,,,,,,
,Ph,PH4,11457,,,,,,,
,Ph,PH4,11457,,,,,,,
,Ph,PH4,11457,,,,,,,
,Mn,PH4,11457,,,H,,,,
,Ph,PH4,11457,,,,,,,
,Ph,PH4,11457,,,,,,,
,Mn,PH4,11457,,,H,,,,
,Mn,PH4,11457,,,H,,,,
,Sn,PH4,11457,,,H,,,,
,Ph,PH4,11457,,,,,,,
,Ph,PH4,11457,,,,,,,
,Sn,PH4,11457,,,,,,,
,Ph,PH4,11457,,,,,,,
,Ph,PH4,11457,,,,,,,
,Mn,PH4,11457,,,H,,,,
,Ph,PH4,11457,,,,,,,
,Mn,PH4,11457,,,H,,,,
,Mn,PH4,11457,,,,,,,
,Ph,PH4,11457,,,,,,,
,Sn,PH4,11457,,,F,,,,
,Sn,PH4,11457,,,F,,,,
,Sn,PH4,11457,,,H,,,,
,Sn,PH4,11457,,,H,,,,
,Sn,PH4,11457,,,H,,,,
,Ph,PH4,11457,,,,,,,
,Ph,PH4,11457,,,,,,,
,Mn,PH4,11457,,,H,,,,
,Ph,PH4,11457,,,,,,,
,Ph,PH4,11457,,,,,,,
,Mn,PH4,11457,,,H,,,,
,Mn,PH4,11457,,,H,,,,
,Sn,PH4,11457,,,F,,,,
,Mn,PH4,11457,,,,,,,
,Mn,PH4,11457,,,H?,,,,
,Mn,PH4,11457,,,H,,,,
,Mn,PH4,11457,,,H,,,,
,Mn,PH4,11457,,,,,,,
,Mn,PH4,11457,,,H,,,,
,Ph,PH4,11457,,,,,,,
,Ph,PH4,11457,,,,,,,
,Mn,PH4,11457,,,H,,,,
,Mn,PH4,11457,,,H,,,,
,Ph,PH4,11457,,,,,,,
,Ph,PH4,11457,,,,,,,
,Ph,PH4,11457,,,,,,,
,Mn,PH4,11457,,,H,,,,
,Sn,PH4,11457,,,H,,,,
,Ph,PH4,11457,,,,,,,
,Ph,PH4,11457,,,,,,,
,Ph,PH4,11457,,,,,,,
,Ph,PH4,11457,,,,,,,
,Ph,PH4,11457,,,,,,,
,Ph,PH4,11457,,,,,,,
,Ph,PH4,11457,,,,,,,
,Ph,PH4,11457,,,,,,,
,Ph,PH4,11457,,,,,,,
,Ph,PH4,11457,,,,,,,
,Ph,PH4,11457,,,,,,,
,Sn,PH4,11457,,,,,,,
,Ph,PH4,11457,,,,,,,
,Ph,PH4,11457,,,,,,,
,Ph,PH4,11457,,,,,,,
,Ph,PH4,11457,,,,,,,
,Mn,PH4,11457,,,H,,,,
,Ph,PH4,11457,,,,,,,
,Mn,PH4,11457,,,F,,,,
,Mn,PH4,11457,,,H,,,,
,Ph,PH4,11457,,,,,,,
,Mn,PH4,11457,,,H,,,,
,Ph,PH4,11457,,,,,,,
,Ph,PH4,11457,,,,,,,
,Ph,PH4,11457,,,,,,,
,Ph,PH4,11457,,,,,,,
,Mn,PH4,11457,,,H,,,,
,Ph,PH4,11457,,,,,,,
,Mn,PH4,11457,,,H,,,,
,Mn,PH4,11457,,,H,,,,
,Mn,PH4,11457,,,H,,,,
,Ph,PH4,11457,,,,,,,
,Ph,PH4,11457,,,,,,,
,Ph,PH4,11457,,,,,,,
,Mn,PH4,11457,,,H,,,,
,Mn,PH4,11457,,,H,,,,
,Sn,PH4,11457,,,H,,,,
,Mn,PH4,11457,,,F,,,,
,Mn,PH4,11457,,,H,,,,
,Mn,PH4,11457,,,F?,,,,
,Ph,PH4,11457,,,,,,,
,Sn,PH4,11457,,,,,,,
,Ph,PH4,11457,,,,,,,
,Sn,PH4,11457,,,,,,,
,Mn,PH4,11457,,,,,,,
,Mn,PH4,11457,,,,,,,
,Ph,PH4,11457,,,,,,,
,Mn,PH4,11457,,,H,,,,
,Mn,PH4,11457,,,H,,,,
,Ph,PH4,11457,,,,,,,
,Sn,PH4,11457,,,H,,,,
,Sn,PH4,11457,,,H,,,,
,Ph,PH4,11457,,,,,,,
,Ph,PH4,11457,,,,,,,
,Sn,PH4,11457,,,,,,,
,Sn,PH4,11457,,,F,,,,
,Mn,PH4,11457,,,F,,,,
,Mn,PH4,11457,,,F,,,,
,Ph,PH4,11457,,,,,,,
,Ph,PH4,11457,,,,,,,
,Mn,PH4,11457,,,F,,,,
,Mn,PH4,11457,,,,,,,
,Ph,PH4,11457,,,,,,,
,Mn,PH4,11457,,,,,,,
,Ph,PH4,11457,,,,,,,
,Ph,PH4,11457,,,,,,,
,Ph,PH4,11457,,,,,,,
,Mn,PH4,11457,,,H,,,,
,Mn,PH4,11457,,,,,,,
,Ph,PH4,11457,,,,,,,
,Ph,PH4,11457,,,,,,,
,Mn,PH4,11457,,,,,,,
,Mn,PH4,11457,,,F,,,,
,Mn,PH4,11457,,,H,,,,
,Mn,PH4,11457,,,,,,,
,Ph,PH4,11457,,,,,,,
,Mn,PH4,11457,,,,,,,
,Sn,PH4,11457,,,F,,,,
,Ph,PH4,11457,,,,,,,
,Sn,PH4,11457,,,H,,,,
,Mn,PH4,11457,,,H,,,,
,Mn,PH4,11457,,,H,,,,
,Ph,PH4,11457,,,,,,,
,Ph,PH4,11457,,,,,,,
,Mn,PH4,11457,,,H,,,,
,Mn,PH4,11457,,,H,,,,
,Ph,PH4,11457,,,,,,,
,Ph,PH4,11457,,,,,,,
,Ph,PH4,11457,,,,,,,
,Ph,PH4,11457,,,,,,,
,Ph,PH4,11457,,,,,,,
,Mn,PH4,11457,,,,,,,
,Mn,PH4,11457,,,,,,,
,Ph,PH4,11457,,,,,,,
,Ph,PH4,11457,,,,,,,
,Ph,PH4,11457,,,,,,,
,Mn,PH4,11457,,,,,,,
,Ph,PH4,11457,,,,,,,
,Mn,PH4,11457,,,,,,,
,Mn,PH4,11457,,,,,,,
,Sn,PH4,11457,,,,,,,
,Mn,PH4,11457,,,H,,,,
,Ph,PH4,11457,,,,,,,
,Mn,PH4,11457,,,,,,,
,Mn,PH4,11457,,,H,,,,
,Ph,PH4,11457,,,,,,,
,Sn,PH4,11457,,,F,,,,
,Sn,PH4,11457,,,F,,,,
,Sn,PH4,11457,,,,,,,
,Sn,PH4,11457,,,H,,,,
,Sn,PH4,11457,,,F,,,,
,Sn,PH4,11457,,,H,,,,
,Sn,PH4,11457,,,,,,,
,Sn,PH4,11457,,,H,,,,
,Sn,PH4,11457,,,H,,,,
,Sn,PH4,11457,,,H,,,,
,Sn,PH4,11457,,,H,,,,
,Sn,PH4,11457,,,H,,,,
,Sn,PH4,11457,,,H,,,,
,Sn,PH4,11457,,,H,,,,
,Sn,PH4,11457,,,H,,,,
,Sn,PH4,11457,,,F?,,,,
,Sn,PH4,11457,,,H,,,,
,Sn,PH4,11457,,,,,,,
,Sn,PH4,11457,,,H,,,,
,Sn,PH4,11457,,,,,,,
,Sn,PH4,11457,,,,,,,
,Sn,PH4,11457,,,,,,,
,Sn,PH4,11457,,,H,,,,
,Sn,PH4,11457,,,H,,,,
,Sn,PH4,11457,,,H,,,,
,Sn,PH4,11457,,,F,,,,
,Sn,PH4,11457,,,H,,,,
,Sn,PH4,11457,,,,,,,
,Sn,PH4,11457,,,H,,,,
,Sn,PH4,11457,,,,,,,
,Sn,PH4,11457,,,F?,,,,
,Sn,PH4,11457,,,F,,,,
,Sn,PH4,11457,,,,,,,
,Sn,PH4,11457,,,H,,,,
,Sn,PH4,11457,,,F,,,,
,Sn,PH4,11457,,,F,,,,
,Sn,PH4,11457,,,,,,,
,Sn,PH4,11457,,,H,,,,
,Sn,PH4,11457,,,,,,,
,Sn,PH4,11457,,,H,,,,
,Sn,PH4,11457,,,,,,,
,Sn,PH4,11457,,,H,,,,
,Sn,PH4,11457,,,,,,,
,Sn,PH4,11457,,,H,,,,
,Sn,PH4,11457,,,H,,,,
,Sn,PH4,11457,,,H,,,,
,Sn,PH4,11457,,,F,,,,
,Sn,PH4,11457,,,H,,,,
,Sn,PH4,11457,,,H,,,,
,Sn,PH4,11457,,,H,,,,
,Sn,PH4,11457,,,,,,,
,Sn,PH4,11457,,,,,,,
,Sn,PH4,11457,,,F,,,,
,Sn,PH4,11457,,,H,,,,
,Sn,PH4,11457,,,,,,,
,Sn,PH4,11457,,,"F,H",,,,
,Sn,PH4,11457,,,H,,,,
,Sn,PH4,11457,,,F,,,,
,Sn,PH4,11457,,,F?,,,,
,Sn,PH4,11457,,,H,,,,
,Sn,PH5,11526,,,H,,,,
,Sn,PH5,11526,,,H,,,,
,Sn,PH5,11526,,,H,,,,
,Sn,PH5,11526,,,H,,,,
,Sn,PH5,11526,,,F,,,,
,Sn,PH5,11526,,,F,,,,
,Sn,PH5,11526,,,F,,,,
,Sn,PH5,11526,,,F,,,,
,Sn,PH5,11526,,,F',,,,
,Sn,PH5,11526,,,H,,,,
,Sn,PH5,11526,,,H,,,,
,Sn,PH5,11526,,,H,,,,
,Sn,PH5,11526,,,H,,,,
,Sn,PH5,11526,,,H,,,,
,Sn,PH5,11526,,,,,,,
,Sn,PH5,11526,,,,,,,
,Sn,PH5,11526,,,H,,,,
,Sn,PH5,11526,,,H,,,,
,Sn,PH5,11526,,,H,,,,
,Sn,PH5,11526,,,H,,,,
,Sn,PH5,11526,,,H,,,,
,Sn,PH5,11526,,,,,,,
,Sn,PH5,11526,,,H,,,,
,Sn,PH5,11526,,,H,,,,
,Sn,PH5,11526,,,F,,,,
,Sn,PH5,11526,,,,,,,
,Sn,PH5,11526,,,,,,,
,Sn,PH5,11526,,,H,,,,
,Sn,PH5,11526,,,F,,,,
,Sn,PH5,11526,,,H,,,,
,Sn,PH5,11526,,,F?,,,,
,Sn,PH5,11526,,,H,,,,
,Sn,PH5,11526,,,F,,,,
,Sn,PH5,11526,,,,,,,
,Sn,PH5,11526,,,F,,,,
,Sn,PH5,11526,,,F,,,,
,Sn,PH5,11526,,,H,,,,
,Sn,PH5,11526,,,H,,,,
,Sn,PH5,11526,,,,,,,
,Sn,PH5,11526,,,,,,,
,Sn,PH5,11526,,,H,,,,
,Sn,PH5,11526,,,H,,,,
,Sn,PH5,11526,,,F,,,,
,Sn,PH5,11526,,,H,,,,
,Sn,PH5,11526,,,,,,,
,Sn,PH5,11526,,,H,,,,
,Sn,PH5,11526,,,,,,,
,Sn,PH5,11526,,,F,,,,
,Sn,PH5,11526,,,,,,,
,Sn,PH5,11526,,,F,,,,
,Sn,PH5,11526,,,H,,,,
,Sn,PH5,11526,,,,,,,
,Sn,PH5,11526,,,,,,,
,Sn,PH5,11526,,,H,,,,
,Sn,PH5,11526,,,H,,,,
,Sn,PH5,11526,,,H,,,,
,Sn,PH5,11526,,,,,,,
,Sn,PH5,11526,,,,,,,
,Sn,PH5,11526,,,,,,,
,Sn,PH5,11526,,,H,,,,
,Sn,PH5,11526,,,,,,,
,Sn,PH5,11526,,,,,,,
,Sn,PH5,11526,,,F,,,,
,Sn,PH5,11526,,,,,,,
,Sn,PH5,11526,,,F,,,,
,Sn,PH5,11526,,,H,,,,
,Sn,PH5,11526,,,F,,,,
,Sn,PH5,11526,,,H,,,,
,Sn,PH5,11526,,,,,,,
,Sn,PH5,11526,,,F,,,,
,Sn,PH5,11526,,,H,,,,
,Sn,PH5,11526,,,H,,,,
,Sn,PH5,11526,,,H,,,,
,Sn,PH5,11526,,,H,,,,
,Sn,PH5,11526,,,H,,,,
,Sn,PH5,11526,,,F,,,,
,Sn,PH5,11526,,,F,,,,
,Sn,PH5,11526,,,H,,,,
,Sn,PH5,11526,,,H,,,,
,Sn,PH5,11526,,,,,,,
,Sn,PH5,11526,,,F,,,,
,Sn,PH5,11526,,,H,,,,
,Sn,PH5,11526,,,H,,,,
,Sn,PH5,11526,,,F,,,,
,Sn,PH5,11526,,,,,,,
,Sn,PH5,11526,,,F,,,,
,Sn,PH5,11526,,,F,,,,
,Sn,PH5,11526,,,F,,,,
,Sn,PH5,11526,,,H,,,,
,Sn,PH5,11526,,,,,,,
,Sn,PH5,11526,,,F,,,,
,Sn,PH5,11526,,,,,,,
,Sn,PH5,11526,,,H,,,,
,Sn,PH5,11526,,,F,,,,
,Sn,PH5,11526,,,F,,,,
,Sn,PH5,11526,,,H,,,,
,Sn,PH5,11526,,,H,,,,
,Sn,PH5,11526,,,,,,,
,Sn,PH5,11526,,,H,,,,
,Sn,PH5,11526,,,F,,,,
,Sn,PH5,11526,,,,,,,
,Sn,PH5,11526,,,H,,,,
,Sn,PH5,11526,,,H,,,,
,Sn,PH5,11526,,,F,,,,
,Sn,PH5,11526,,,,,,,
,Sn,PH5,11526,,,F,,,,
,Sn,PH5,11526,,,F,,,,
,Sn,PH5,11526,,,,,,,
,Sn,PH5,11526,,,,,,,
,Sn,PH5,11526,,,F,,,,
,Sn,PH5,11526,,,H,,,,
,Sn,PH5,11526,,,H,,,,
,Sn,PH5,11526,,,H,,,,
,Sn,PH5,11526,,,H,,,,
,Sn,PH5,11526,,,,,,,
,Sn,PH5,11526,,,H,,,,
,Sn,PH5,11526,,,,,,,
,Ph,PH5,11526,,,,,,,
,Ph,PH5,11526,,,,,,,
,Ph,PH5,11526,,,,,,,
,Ph,PH5,11526,,,,,,,
,Ph,PH5,11526,,,,,,,
,Ph,PH5,11526,,,,,,,
,Mn,PH5,11526,,,H,,,,
,Mn,PH5,11526,,,H,,,,
,Mn,PH5,11526,,,H,,,,
,Ph,PH5,11526,,,,,,,
,Ph,PH5,11526,,,H,,,,
,Mn,PH5,11526,,,,,,,
,Ph,PH5,11526,,,,,,,
,Ph,PH5,11526,,,,,,,
,Mn,PH5,11526,,,,,,,
,Mn,PH5,11526,,,H,,,,
,Mn,PH5,11526,,,,,,,
,Ph,PH5,11526,,,,,,,
,Mn,PH5,11526,,,,,,,
,Mn,PH5,11526,,,,,,,
,Mn,PH5,11526,,,,,,,
,Ph,PH5,11526,,,,,,,
,Mn,PH5,11526,,,H,,,,
,Mn,PH5,11526,,,H,,,,
,Mn,PH5,11526,,,H,,,,
,Ph,PH5,11526,,,,,,,
,Mn,PH5,11526,,,H,,,,
,Ph,PH5,11526,,,,,,,
,Mn,PH5,11526,,,H,,,,
,Mn,PH5,11526,,,,,,,
,Ph,PH5,11526,,,,,,,
,Ph,PH5,11526,,,,,,,
,Ph,PH5,11526,,,,,,,
,Ph,PH5,11526,,,,,,,
,Mn,PH5,11526,,,,,,,
,Mn,PH5,11526,,,H,,,,
,Ph,PH5,11526,,,,,,,
,Ph,PH5,11526,,,,,,,
,Mn,PH5,11526,,,H,,,,
,Sn,PH5,11526,,,H,,,,
,Mn,PH5,11526,,,H,,,,
,Ph,PH5,11526,,,,,,,
,Ph,PH5,11526,,,,,,,
,Mn,PH5,11526,,,H,,,,
,Mn,PH5,11526,,,H,,,,
,Ph,PH5,11526,,,,,,,
,Mn,PH5,11526,,,H,,,,
,Mn,PH5,11526,,,H,,,,
,Ph,PH5,11526,,,,,,,
,Sn,PH5,11526,,,H,,,,
,Ph,PH5,11526,,,,,,,
,Ph,PH5,11526,,,,,,,
,Mn,PH5,11526,,,,,,,
,Ph,PH5,11526,,,,,,,
,Mn,PH5,11526,,,,,,,
,Ph,PH5,11526,,,,,,,
,Ph,PH5,11526,,,,,,,
,Mn,PH5,11526,,,H,,,,
,Ph,PH5,11526,,,,,,,
,Mn,PH5,11526,,,H,,,,
,Ph,PH5,11526,,,,,,,
,Mn,PH5,11526,,,H,,,,
,Mn,PH5,11526,,,,,,,
,Ph,PH5,11526,,,,,,,
,Ph,PH5,11526,,,,,,,
,Mn,PH5,11526,,,,,,,
,Mn,PH5,11526,,,H,,,,
,Sn,PH5,11526,,,F,,,,
,Sn,PH5,11526,,,H,,,,
,Mn,PH5,11526,,,,,,,
,Ph,PH5,11526,,,,,,,
,Ph,PH5,11526,,,,,,,
,Ph,PH5,11526,,,,,,,
,Mn,PH5,11526,,,,,,,
,Mn,PH5,11526,,,H,,,,
,Mn,PH5,11526,,,,,,,
,Ph,PH5,11526,,,,,,,
,Mn,PH5,11526,,,,,,,
,Ph,PH5,11526,,,,,,,
,Ph,PH5,11526,,,,,,,
,Mn,PH5,11526,,,H,,,,
,Ph,PH5,11526,,,,,,,
,Ph,PH5,11526,,,,,,,
,Mn,PH5,11526,,,H,,,,
,Mn,PH5,11526,,,H,,,,
,Ph,PH5,11526,,,,,,,
,Mn,PH5,11526,,,H,,,,
,Mn,PH5,11526,,,H,,,,
,Mn,PH5,11526,,,H,,,,
,Sn,PH5,11526,,,F,,,,
,Sn,PH5,11526,,,,,,,
,Mn,PH5,11526,,,H,,,,
,Ph,PH5,11526,,,,,,,
,Mn,PH5,11526,,,H,,,,
,Mn,PH5,11526,,,H,,,,
,Sn,PH5,11526,,,,,,,
,Mn,PH5,11526,,,,,,,
,Mn,PH5,11526,,,H,,,,
,Mn,PH5,11526,,,H,,,,
,Sn,PH5,11526,,,H,,,,
,Mn,PH5,11526,,,F,,,,
,Mn,PH5,11526,,,F,,,,
,Mn,PH5,11526,,,F,,,,
,Ph,PH5,11526,,,,,,,
,Mn,PH5,11526,,,H,,,,
,Ph,PH5,11526,,,,,,,
,Sn,PH5,11526,,,F,,,,
,Ph,PH5,11526,,,,,,,
,Ph,PH5,11526,,,,,,,
,Ph,PH5,11526,,,,,,,
,Mn,PH5,11526,,,H,,,,
,Mn,PH5,11526,,,,,,,
,Ph,PH5,11526,,,,,,,
,Ph,PH5,11526,,,,,,,
,Ph,PH5,11526,,,,,,,
,Mn,PH5,11526,,,,,,,
,Mn,PH5,11526,,,H,,,,
,Mn,PH5,11526,,,H,,,,
,Mn,PH5,11526,,,,,,,
,Mn,PH5,11526,,,H,,,,
,Ph,PH5,11526,,,,,,,
,Mn,PH5,11526,,,H,,,,
,Mn,PH5,11526,,,H,,,,
,Sn,PH5,11526,,,F,,,,
,Ph,PH5,11526,,,,,,,
,Ph,PH5,11526,,,,,,,
,Mn,PH5,11526,,,H,,,,
,Ph,PH5,11526,,,,,,,
,Ph,PH5,11526,,,,,,,
,Ph,PH5,11526,,,,,,,
,Mn,PH5,11526,,,H,,,,
,Ph,PH5,11526,,,,,,,
,Ph,PH5,11526,,,,,,,
,Mn,PH5,11526,,,H,,,,
,Ph,PH5,11526,,,,,,,
,Ph,PH5,11526,,,,,,,
,Mn,PH5,11526,,,H,,,,
,Mn,PH5,11526,,,,,,,
,Mn,PH5,11526,,,H,,,,
,Mn,PH5,11526,,,H,,,,
,Mn,PH5,11526,,,,,,,
,Mn,PH5,11526,,,F,,,,
,Mn,PH5,11526,,,,,,,
,Mn,PH5,11526,,,,,,,
,Sn,PH5,11526,,,H,,,,
,Mn,PH5,11526,,,,,,,
,Mn,PH5,11526,,,,,,,
,Mn,PH5,11526,,,,,,,
,Mn,PH5,11526,,,F,,,,
,Mn,PH5,11526,,,,,,,
,Ph,PH5,11526,,,,,,,
,Ph,PH5,11526,,,,,,,
,Ph,PH5,11526,,,,,,,
,Ph,PH5,11526,,,,,,,
,Mn,PH5,11526,,,,,,,
,Mn,PH5,11526,,,H,,,,
,Ph,PH5,11526,,,,,,,
,Ph,PH5,11526,,,,,,,
,Ph,PH5,11526,,,,,,,
,Ph,PH5,11526,,,,,,,
,Sn,PH5,11526,,,H,,,,
,Ph,PH5,11526,,,,,,,
,Ph,PH5,11526,,,,,,,
,Ph,PH5,11526,,,,,,,
,Mn,PH5,11526,,,H,,,,
,Ph,PH5,11526,,,,,,,
,Sn,PH5,11526,,,F,,,,
,Ph,PH5,11526,,,,,,,
,Mn,PH5,11526,,,H,,,,
,Ph,PH5,11526,,,,,,,
,Ph,PH5,11526,,,,,,,
,Ph,PH5,11526,,,,,,,
,Mn,PH5,11526,,,H,,,,
,Sn,PH5,11526,,,H,,,,
,Mn,PH5,11526,,,H,,,,
,Mn,PH5,11526,,,H,,,,
,Ph,PH5,11526,,,,,,,
,Ph,PH5,11526,,,,,,,
,Ph,PH5,11526,,,,,,,
,Ph,PH5,11526,,,,,,,
,Ph,PH5,11526,,,,,,,
,Sn,PH5,11526,,,,,,,
,Sn,PH5,11526,,,H,,,,
,Mn,PH5,11526,,,H,,,,
,Sn,PH5,11526,,,H,,,,
,Sn,PH5,11526,,,F,,,,
,Ph,PH5,11526,,,,,,,
,Sn,PH5,11526,,,H,,,,
,Mn,PH5,11526,,,H,,,,
,Sn,PH5,11526,,,,,,,
,Ph,PH5,11526,,,,,,,
,Ph,PH5,11526,,,,,,,
,Ph,PH5,11526,,,,,,,
,Mn,PH5,11526,,,,,,,
,Mn,PH5,11526,,,F,,,,
,Ph,PH5,11526,,,,,,,
,Ph,PH5,11526,,,,,,,
,Sn,PH5,11526,,,,,,,
,Mn,PH5,11526,,,H,,,,
,Mn,PH5,11526,,,H,,,,
,Mn,PH5,11526,,,H,,,,
,Ph,PH5,11526,,,,,,,
,Ph,PH5,11526,,,,,,,
,Ph,PH5,11526,,,,,,,
,Mn,PH5,11526,,,,,,,
,Mn,PH5,11526,,,,,,,
,Mn,PH5,11526,,,,,,,
,Mn,PH5,11526,,,,,,,
,Mn,PH5,11526,,,H,,,,
,Mn,PH5,11526,,,H,,,,
,Mn,PH5,11526,,,H,,,,
,Mn,PH5,11526,,,H,,,,
,Ph,PH5,11526,,,,,,,
,Ph,PH5,11526,,,,,,,
,Ph,PH5,11526,,,,,,,
,Ph,PH5,11526,,,,,,,
,Mn,PH5,11526,,,H,,,,
,Ph,PH5,11526,,,,,,,
,Ph,PH5,11526,,,,,,,
,Ph,PH5,11526,,,,,,,
,Ph,PH5,11526,,,,,,,
,Mn,PH5,11526,,,H,,,,
,Ph,PH5,11526,,,,,,,
,Ph,PH5,11526,,,,,,,
,Sn,PH5,11526,,,H,,,,
,Mn,PH5,11526,,,,,,,
,Ph,PH5,11526,,,,,,,
,Ph,PH5,11526,,,,,,,
,Ph,PH5,11526,,,,,,,
,Ph,PH5,11526,,,,,,,
,Ph,PH5,11526,,,,,,,
,Ph,PH5,11526,,,,,,,
,Ph,PH5,11526,,,,,,,
,Ph,PH5,11526,,,,,,,
,Ph,PH5,11526,,,,,,,
,Sn,PH5,11526,,,F,,,,
,Ph,PH5,11526,,,,,,,
,Mn,PH5,11526,,,H,,,,
,Ph,PH5,11526,,,,,,,
,Ph,PH5,11526,,,,,,,
,Ph,PH5,11526,,,,,,,
,Mn,PH5,11526,,,,,,,
,Mn,PH5,11526,,,H,,,,
,Ph,PH5,11526,,,,,,,
,Sn,PH5,11526,,,F,,,,
,Mn,PH5,11526,,,H,,,,
,Ph,PH5,11526,,,,,,,
,Ph,PH5,11526,,,,,,,
,Ph,PH5,11526,,,,,,,
,Ph,PH5,11526,,,,,,,
,Ph,PH5,11526,,,,,,,
,Mn,PH5,11526,,,,,,,
,Ph,PH5,11526,,,,,,,
,Mn,PH5,11526,,,H,,,,
,Mn,PH5,11526,,,,,,,
,Sn,PH5,11526,,,,,,,
,Mn,PH5,11526,,,H,,,,
,Sn,PH5,11526,,,H,,,,
,Mn,PH5,11526,,,,,,,
,Mn,PH5,11526,,,H,,,,
,Ph,PH5,11526,,,,,,,
,Ph,PH5,11526,,,,,,,
,Mn,PH5,11526,,,,,,,
,Mn,PH5,11526,,,,,,,
,Sn,PH5,11526,,,H,,,,
,Mn,PH5,11526,,,,,,,
,Mn,PH5,11526,,,H,,,,
,Mn,PH5,11526,,,,,,,
,Ph,PH5,11526,,,,,,,
,Ph,PH5,11526,,,,,,,
,Mn,PH5,11526,,,,,,,
,Mn,PH5,11526,,,,,,,
,Mn,PH5,11526,,,H,,,,
,Mn,PH5,11526,,,H,,,,
,Ph,PH5,11526,,,,,,,
,Mn,PH5,11526,,,H,,,,
,Ph,PH5,11526,,,,,,,
,Ph,PH5,11526,,,,,,,
,Ph,PH5,11526,,,,,,,
,Mn,PH5,11526,,,H,,,,
,Ph,PH5,11526,,,,,,,
,Ph,PH5,11526,,,,,,,
,Ph,PH5,11526,,,,,,,
,Sn,PH5,11526,,,H,,,,
,Ph,PH5,11526,,,,,,,
,Mn,PH5,11526,,,H,,,,
,Mn,PH5,11526,,,H,,,,
,Mn,PH5,11526,,,,,,,
,Sn,PH5,11526,,,F,,,,
,Mn,PH5,11526,,,H,,,,
,Sn,PH5,11526,,,H,,,,
,Sn,PH5,11526,,,F,,,,
,Ph,PH5,11526,,,,,,,
,Ph,PH5,11526,,,,,,,
,Mn,PH5,11526,,,H,,,,
,Mn,PH5,11526,,,H,,,,
,Ph,PH5,11526,,,,,,,
,Mn,PH5,11526,,,H,,,,
,Sn,PH5,11526,,,H,,,,
,Ph,PH5,11526,,,,,,,
,Mn,PH5,11526,,,,,,,
,Mn,PH5,11526,,,H,,,,
,Mn,PH5,11526,,,,,,,
,Mn,PH5,11526,,,,,,,
,Mn,PH5,11526,,,,,,,
,Mn,PH5,11526,,,H,,,,
,Sn,PH5,11526,,,H,,,,
,Sn,PH5,11526,,,H,,,,
,Mn,PH5,11526,,,,,,,
,Mn,PH5,11526,,,,,,,
,Sn,PH5,11526,,,H,,,,
,Sn,PH5,11526,,,F,,,,
,Ph,PH5,11526,,,,,,,
,Sn,PH5,11526,,,H,,,,
,Sn,PH5,11526,,,H,,,,
,Sn,PH5,11526,,,H,,,,
,Sn,PH5,11526,,,H,,,,
,Sn,PH5,11526,,,F,,,,
,Sn,PH5,11526,,,H,,,,
,Ph,PH5,11526,,,,,,,
,Sn,PH5,11526,,,H,,,,
,Sn,PH5,11526,,,F,,,,
,Ph,PH5,11526,,,,,,,
,Sn,PH5,11526,,,F,,,,
,Mn,PH5,11526,,,H?,,,,
,Mn,PH5,11526,,,H,,,,
,Ph,PH5,11526,,,,,,,
,Mn,PH5,11526,,,H,,,,
,Mn,PH5,11526,,,H,,,,
,Sn,PH5,11526,,,H,,,,
,Mn,PH5,11526,,,,,,,
,Ph,PH5,11526,,,,,,,
,Mn,PH5,11526,,,H,,,,
,Mn,PH5,11526,,,H,,,,
,Sn,PH5,11526,,,,,,,
,Mn,PH5,11526,,,F,,,,
,Mn,PH5,11526,,,,,,,
,Ph,PH5,11526,,,,,,,
,Mn,PH5,11526,,,H,,,,
,Sn,PH5,11526,,,H,,,,
,Mn,PH5,11526,,,,,,,
,Ph,PH5,11526,,,,,,,
,Mn,PH5,11526,,,,,,,
,Mn,PH5,11526,,,H,,,,
,Ph,PH5,11526,,,,,,,
,Ph,PH5,11526,,,,,,,
,Mn,PH5,11526,,,,,,,
,Ph,PH5,11526,,,,,,,
,Ph,PH5,11526,,,,,,,
,Ph,PH5,11526,,,,,,,
,Mn,PH5,11526,,,H,,,,
,Ph,PH5,11526,,,,,,,
,Mn,PH5,11526,,,H,,,,
,Sn,PH5,11526,,,F,,,,
,Sn,PH5,11526,,,H,,,,
,Ph,PH5,11526,,,,,,,
,Ph,PH5,11526,,,,,,,
,Mn,PH5,11526,,,H,,,,
,Ph,PH5,11526,,,,,,,
,Mn,PH5,11526,,,H,,,,
,Ph,PH5,11526,,,,,,,
,Ph,PH5,11526,,,,,,,
,Ph,PH5,11526,,,,,,,
,Ph,PH5,11526,,,,,,,
,Mn,PH5,11526,,,,,,,
,Ph,PH5,11526,,,,,,,
,Mn,PH5,11526,,,H,,,,
,Sn,PH5,11526,,,F,,,,
,Mn,PH5,11526,,,,,,,
,Ph,PH5,11526,,,,,,,
,Ph,PH5,11526,,,,,,,
,Ph,PH5,11526,,,,,,,
,Ph,PH5,11526,,,,,,,
,Ph,PH5,11526,,,,,,,
,Ph,PH5,11526,,,,,,,
,Ph,PH5,11526,,,,,,,
,Mn,PH5,11526,,,H,,,,
,Mn,PH5,11526,,,,,,,
,Sn,PH5,11526,,,H,,,,
,Ph,PH5,11526,,,,,,,
,Ph,PH5,11526,,,,,,,
,Ph,PH5,11526,,,,,,,
,Ph,PH5,11526,,,,,,,
,Mn,PH5,11526,,,,,,,
,Ph,PH5,11526,,,,,,,
,Ph,PH5,11526,,,,,,,
,Ph,PH5,11526,,,,,,,
,Ph,PH5,11526,,,,,,,
,Mn,PH5,11526,,,H,,,,
,Mn,PH5,11526,,,,,,,
,Mn,PH5,11526,,,,,,,
,Mn,PH5,11526,,,H,,,,
,Mn,PH5,11526,,,,,,,
,Sn,PH5,11526,,,F,,,,
,Sn,PH5,11526,,,H,,,,
,Mn,PH5,11526,,,,,,,
,Mn,PH5,11526,,,,,,,
,Ph,PH5,11526,,,,,,,
,Sn,PH5,11526,,,H,,,,
,Mn,PH5,11526,,,,,,,
,Ph,PH5,11526,,,,,,,
,Mn,PH5,11526,,,F,,,,
,Mn,PH5,11526,,,,,,,
,Mn,PH5,11526,,,F,,,,
,Ph,PH5,11526,,,,,,,
,Ph,PH5,11526,,,,,,,
,Ph,PH5,11526,,,,,,,
,Sn,PH5,11526,,,F,,,,
,Sn,PH5,11526,,,H,,,,
,Ph,PH5,11526,,,,,,,
,Ph,PH5,11526,,,,,,,
,Ph,PH5,11526,,,,,,,
,Ph,PH5,11526,,,,,,,
,Mn,PH5,11526,,,H,,,,
,Ph,PH5,11526,,,,,,,
,Ph,PH5,11526,,,,,,,
,Mn,PH5,11526,,,H,,,,
,Ph,PH5,11526,,,,,,,
,Ph,PH5,11526,,,,,,,
,Mn,PH5,11526,,,F,,,,
,Ph,PH5,11526,,,,,,,
,Ph,PH5,11526,,,,,,,
,Mn,PH5,11526,,,H,,,,
,Mn,PH5,11526,,,H,,,,
,Ph,PH5,11526,,,,,,,
,Ph,PH5,11526,,,,,,,
,Mn,PH5,11526,,,F,,,,
,Ph,PH5,11526,,,,,,,
,Ph,PH5,11526,,,,,,,
,Ph,PH5,11526,,,,,,,
,Mn,PH5,11526,,,H,,,,
,Ph,PH5,11526,,,,,,,
,Ph,PH5,11526,,,,,,,
,Ph,PH5,11526,,,,,,,
,Ph,PH5,11526,,,,,,,
,Ph,PH5,11526,,,,,,,
,Ph,PH5,11526,,,,,,,
,Mn,PH5,11526,,,H?,,,,
,Ph,PH5,11526,,,,,,,
,Mn,PH5,11526,,,H,,,,
,Mn,PH5,11526,,,H,,,,
,Sn,PH5,11526,,,F,,,,
,Sn,PH5,11526,,,,,,,
,Sn,PH5,11526,,,,,,,
,Sn,PH5,11526,,,F,,,,
,Ph,PH5,11526,,,,,,,
,Mn,PH5,11526,,,,,,,
,Mn,PH5,11526,,,,,,,
,Mn,PH5,11526,,,,,,,
,Sn,PH5,11526,,,,,,,
,Sn,PH5,11526,,,H,,,,
,Sn,PH5,11526,,,F,,,,
,Sn,PH5,11526,,,,,,,
,Sn,PH5,11526,,,H,,,,
,Ph,PH5,11526,,,,,,,
,Sn,PH5,11526,,,H,,,,
,Sn,PH5,11526,,,H,,,,
,Sn,PH5,11526,,,H,,,,
,Sn,PH5,11526,,,,,,,
,Sn,PH5,11526,,,H,,,,
,Sn,PH5,11526,,,H,,,,
,Sn,PH5,11526,,,F,,,,
,Sn,PH5,11526,,,"F,H",,,,
,Mn,PH5,11526,,,H,,,,
,Ph,PH5,11526,,,,,,,
,Mn,PH5,11526,,,,,,,
,Sn,PH5,11526,,,H,,,,
,Ph,PH5,11526,,,,,,,
,Mn,PH5,11526,,,H,,,,
,Ph,PH5,11526,,,,,,,
,Sn,PH5,11526,,,H,,,,
,Ph,PH5,11526,,,,,,,
,Sn,PH5,11526,,,H,,,,
,Mn,PH5,11526,,,H,,,,
,Sn,PH5,11526,,,H,,,,
,Sn,PH5,11526,,,,,,,
,Sn,PH5,11526,,,H,,,,
,Mn,PH5,11526,,,,,,,
,Mn,PH5,11526,,,H,,,,
,Mn,PH5,11526,,,,,,,
,Sn,PH5,11526,,,F,,,,
,Mn,PH5,11526,,,F,,,,
,Sn,PH5,11526,,,,,,,
,Mn,PH5,11526,,,,,,,
,Mn,PH5,11526,,,,,,,
,Mn,PH5,11526,,,H?,,,,
,Sn,PH5,11526,,,,,,,
,Sn,PH5,11526,,,H,,,,
,Mn,PH5,11526,,,H,,,,
,Ph,PH5,11526,,,,,,,
,Ph,PH5,11526,,,,,,,
,Ph,PH5,11526,,,,,,,
,Mn,PH5,11526,,,,,,,
,Ph,PH5,11526,,,,,,,
,Ph,PH5,11526,,,,,,,
,Mn,PH5,11526,,,,,,,
,Ph,PH5,11526,,,,,,,
,Mn,PH5,11526,,,,,,,
,Mn,PH5,11526,,,,,,,
,Ph,PH5,11526,,,,,,,
,Mn,PH5,11526,,,F,,,,
,Sn,PH5,11526,,,,,,,
,Sn,PH5,11526,,,H,,,,
,Sn,PH5,11526,,,H,,,,
,Sn,PH5,11526,,,H,,,,
,Sn,PH5,11526,,,F,,,,
,Sn,PH5,11526,,,F,,,,
,Sn,PH5,11526,,,H,,,,
,Sn,PH5,11526,,,H,,,,
,Sn,PH5,11526,,,H,,,,
,Sn,PH5,11526,,,H,,,,
,Sn,PH5,11526,,,F,,,,
,Sn,PH5,11526,,,H,,,,
,Sn,PH5,11526,,,F,,,,
,Sn,PH5,11526,,,H,,,,
,Sn,PH5,11526,,,H,,,,
,Sn,PH5,11526,,,,,,,
,Sn,PH5,11526,,,,,,,
,Sn,PH5,11526,,,H,,,,
,Sn,PH5,11526,,,,,,,
,Sn,PH5,11526,,,,,,,
,Sn,PH5,11526,,,,,,,
,Sn,PH5,11526,,,,,,,
,Sn,PH5,11526,,,,,,,
,Sn,PH5,11526,,,,,,,
,Sn,PH5,11526,,,H,,,,
,Sn,PH5,11526,,,F,,,,
,Sn,PH5,11526,,,H,,,,
,Sn,PH5,11526,,,H,,,,
,Sn,PH5,11526,,,F,,,,
,Sn,PH5,11526,,,H,,,,
,Sn,PH5,11526,,,H,,,,
,Sn,PH5,11526,,,,,,,
,Sn,PH5,11526,,,H,,,,
,Sn,PH5,11526,,,,,,,
,Sn,PH5,11526,,,H,,,,
,Sn,PH5,11526,,,H,,,,
,Sn,PH5,11526,,,H,,,,
,Sn,PH5,11526,,,H,,,,
,Sn,PH5,11526,,,H,,,,
,Sn,PH5,11526,,,H,,,,
,Sn,PH5,11526,,,H,,,,
,Sn,PH5,11526,,,,,,,
,,,,,,,,,,
,,,,,,,,,,
,,,,,,,,,,
,,,,,,,,,,
,,,,,,,,,,
,,,,,,,,,,
,,,,,,,,,,
,,,,,,,,,,
,,,,,,,,,,
,,,,,,,,,,
,,,,,,,,,,
,,,,,,,,,,
,,,,,,,,,,
,,,,,,,,,,
,,,,,,,,,,
,,,,,,,,,,
,,,,,,,,,,
,,,,,,,,,,
,,,,,,,,,,
,,,,,,,,,,
,,,,,,,,,,
,,,,,,,,,,
,,,,,,,,,,
,,,,,,,,,,
,,,,,,,,,,
,,,,,,,,,,
,,,,,,,,,,
,,,,,,,,,,
,,,,,,,,,,
,,,,,,,,,,
,,,,,,,,,,
,,,,,,,,,,
,,,,,,,,,,
,,,,,,,,,,
,,,,,,,,,,
,,,,,,,,,,
,,,,,,,,,,
,,,,,,,,,,
,,,,,,,,,,
,,,,,,,,,,
,,,,,,,,,,
,,,,,,,,,,
,,,,,,,,,,
,,,,,,,,,,
,,,,,,,,,,
,,,,,,,,,,
,,,,,,,,,,
,,,,,,,,,,
,,,,,,,,,,
,,,,,,,,,,
,,,,,,,,,,
,,,,,,,,,,
,,,,,,,,,,
,,,,,,,,,,
,,,,,,,,,,
,,,,,,,,,,
,,,,,,,,,,
,,,,,,,,,,
,,,,,,,,,,
,,,,,,,,,,
,,,,,,,,,,
,,,,,,,,,,
,,,,,,,,,,
,,,,,,,,,,
,,,,,,,,,,
,,,,,,,,,,
,,,,,,,,,,
,,,,,,,,,,
,,,,,,,,,,
,,,,,,,,,,
,,,,,,,,,,
,,,,,,,,,,
,,,,,,,,,,
,,,,,,,,,,
,,,,,,,,,,
,,,,,,,,,,
,,,,,,,,,,
,,,,,,,,,,
,,,,,,,,,,
,,,,,,,,,,
,,,,,,,,,,
,,,,,,,,,,
,,,,,,,,,,
,,,,,,,,,,
,,,,,,,,,,
,,,,,,,,,,
,,,,,,,,,,
,,,,,,,,,,
,,,,,,,,,,
,,,,,,,,,,
,,,,,,,,,,
,,,,,,,,,,
,,,,,,,,,,
,,,,,,,,,,
,,,,,,,,,,
,,,,,,,,,,
,,,,,,,,,,
,,,,,,,,,,
,,,,,,,,,,
,,,,,,,,,,
,,,,,,,,,,
,,,,,,,,,,
,,,,,,,,,,
,,,,,,,,,,
,,,,,,,,,,
,,,,,,,,,,
,,,,,,,,,,
,,,,,,,,,,
,,,,,,,,,,
,,,,,,,,,,
,,,,,,,,,,
,,,,,,,,,,
,,,,,,,,,,
,,,,,,,,,,
,,,,,,,,,,
,,,,,,,,,,
,,,,,,,,,,
,,,,,,,,,,
,,,,,,,,,,
,,,,,,,,,,
,,,,,,,,,,
,,,,,,,,,,
,,,,,,,,,,
,,,,,,,,,,
,,,,,,,,,,
,,,,,,,,,,
,,,,,,,,,,
,,,,,,,,,,
,,,,,,,,,,
,,,,,,,,,,
,,,,,,,,,,
,,,,,,,,,,
,,,,,,,,,,
,,,,,,,,, ,
